drugid,Canonical_SMILES,drugid1
17-hydroxyprogesterone,CC(=O)[C@@]1(O)CC[C@H]2[C@@H]3CCC4=CC(=O)CC[C@]4(C)[C@H]3CC[C@@]21C,CID100006238
2-hydroxysuccinaldehyde,O=CCC(O)C=O,CID104474778
4-methylpyrazole,Cc1cn[nH]c1,CID100003406
5-ASA,Nc1ccc(O)c(C(=O)O)c1,CID100004075
5-FU,O=c1[nH]cc(F)c(=O)[nH]1,CID100003385
5-aza-2'-deoxycytidine,Nc1ncn([C@H]2C[C@H](O)[C@@H](CO)O2)c(=O)n1,CID100016886
5-azacytidine,Nc1ncn([C@@H]2O[C@H](CO)[C@@H](O)[C@H]2O)c(=O)n1,CID100001805
5-fluorocytosine,Nc1nc(=O)[nH]cc1F,CID100003366
6-mercaptopurine,Sc1ncnc2nc[nH]c12,CID100667490
6-thioguanine,Nc1nc2nc[nH]c2c(=S)[nH]1,CID102723601
8-MOP,COc1c2occc2cc2ccc(=O)oc12,CID100004114
AMD3100,c1cc(CN2CCCNCCNCCCNCC2)ccc1CN1CCCNCCNCCCNCC1,CID100065014
APAs,Nc1ccc(C(=O)O)c(O)c1,CID100004649
Abarelix,CC(=O)N[C@H](Cc1ccc2ccccc2c1)C(=O)N[C@H](Cc1ccc(Cl)cc1)C(=O)N[C@H](Cc1cccnc1)C(=O)N[C@@H](CO)C(=O)N(C)[C@@H](Cc1ccc(O)cc1)C(=O)N[C@H](CC(N)=O)C(=O)N[C@@H](CC(C)C)C(=O)N[C@@H](CCCCNC(C)C)C(=O)N1CCC[C@H]1C(=O)N[C@H](C)C(N)=O,CID116131215
Anidulafungin,CCCCCOc1ccc(-c2ccc(-c3ccc(C(=O)N[C@H]4C[C@@H](O)[C@@H](O)NC(=O)[C@@H]5[C@@H](O)[C@@H](C)CN5C(=O)[C@H]([C@H](C)O)NC(=O)[C@H]([C@H](O)[C@@H](O)c5ccc(O)cc5)NC(=O)[C@@H]5C[C@@H](O)CN5C(=O)[C@H]([C@H](C)O)NC4=O)cc3)cc2)cc1,CID100166548
BCNU,O=NN(CCCl)C(=O)NCCCl,CID100002578
Bivalirudin,CC[C@H](C)[C@H](NC(=O)[C@H](CCC(=O)O)NC(=O)[C@H](CCC(=O)O)NC(=O)[C@H](Cc1ccccc1)NC(=O)[C@H](CC(=O)O)NC(=O)CNC(=O)[C@H](CC(N)=O)NC(=O)CNC(=O)CNC(=O)CNC(=O)CNC(=O)[C@@H]1CCCN1C(=O)[C@H](CCCNC(=N)N)NC(=O)[C@@H]1CCCN1C(=O)[C@H](N)Cc1ccccc1)C(=O)N1CCC[C@H]1C(=O)N[C@@H](CCC(=O)O)C(=O)N[C@@H](CCC(=O)O)C(=O)N[C@@H](Cc1ccc(O)cc1)C(=O)N[C@@H](CC(C)C)C(=O)O,CID116129704
Buscopan,CCCC[N+]1(C)[C@H]2CC(OC(=O)C(CO)c3ccccc3)C[C@H]1[C@H]1O[C@H]12.[Br-],CID100003636
CAS,O[C@H]1[C@H](O)[C@@H](O)CN2CC[C@H](O)[C@H]12,CID100003222
CGP,Nc1nc(=O)c2ncn([C@H]3C[C@H](O)[C@@H](CO)O3)c2[nH]1,CID105479141
Cantril,C[N+]1(C)CCCC(OC(=O)C(O)(c2ccccc2)c2ccccc2)C1.[Br-],CID100004057
D-cycloserine,NC1CONC1=O,CID100000401
D-penicillamine,CC(C)(S)[C@@H](N)C(=O)O,CID100004727
DFMO,NCCCC(N)(C(=O)O)C(F)F.O.[Cl-].[H+],CID100003009
DMSO,CS(C)=O,CID100000679
EACA,NCCCCCC(=O)O,CID100000564
EDTA,O=C(O)CN(CCN(CC(=O)O)CC(=O)O)CC(=O)O,CID100006049
Enfuvirtide,CC[C@H](C)[C@H](NC(=O)[C@H](CC(C)C)NC(=O)[C@H](CO)NC(=O)[C@H](Cc1cnc[nH]1)NC(=O)[C@@H](NC(=O)[C@H](CC(C)C)NC(=O)[C@H](CO)NC(=O)[C@@H](NC(=O)[C@H](Cc1ccc(O)cc1)NC(C)=O)[C@@H](C)O)[C@@H](C)CC)C(=O)N[C@@H](CCC(=O)O)C(=O)N[C@@H](CCC(=O)O)C(=O)N[C@@H](CO)C(=O)N[C@@H](CCC(N)=O)C(=O)N[C@@H](CC(N)=O)C(=O)N[C@@H](CCC(N)=O)C(=O)N[C@@H](CCC(N)=O)C(=O)N[C@@H](CCC(=O)O)C(=O)N[C@@H](CCCCN)C(=O)N[C@@H](CC(N)=O)C(=O)N[C@@H](CCC(=O)O)C(=O)N[C@@H](CCC(N)=O)C(=O)N[C@@H](CCC(=O)O)C(=O)N[C@@H](CC(C)C)C(=O)N[C@@H](CC(C)C)C(=O)N[C@@H](CCC(=O)O)C(=O)N[C@@H](CC(C)C)C(=O)N[C@@H](CC(=O)O)C(=O)N[C@@H](CCCCN)C(=O)N[C@@H](Cc1c[nH]c2ccccc12)C(=O)N[C@@H](C)C(=O)N[C@@H](CO)C(=O)N[C@@H](CC(C)C)C(=O)N[C@@H](Cc1c[nH]c2ccccc12)C(=O)N[C@@H](CC(N)=O)C(=O)N[C@@H](Cc1c[nH]c2ccccc12)C(=O)N[C@@H](Cc1ccccc1)C(N)=O,CID116130199
Eptifibatide,NC(=O)C1CSSCCC(=O)NC(CCCCN=C(N)N)C(=O)NCC(=O)NC(CC(=O)O)C(=O)NC(Cc2c[nH]c3ccccc23)C(=O)N2CCCC2C(=O)N1,CID100123610
FK463,CCCCCOc1ccc(-c2cc(-c3ccc(C(=O)NC4C[C@H](O)[C@@H](O)NC(=O)[C@H]5[C@H](O)[C@H](C)CN5C(=O)[C@@H]([C@@H](O)CC(N)=O)NC(=O)[C@@H](C(O)[C@@H](O)c5ccc(O)c(OS(=O)(=O)[O-])c5)NC(=O)[C@H]5C[C@H](O)CN5C(=O)[C@@H]([C@@H](C)O)NC4=O)cc3)no2)cc1.[Na+],CID100477468
FP-CIT,COC(=O)[C@H]1[C@@H](c2ccc(I)cc2)CC2CC[C@H]1N2CCCF,CID100122197
Forteo,CCC(C)C(NC(=O)C(CCC(=O)O)NC(=O)C(CO)NC(=O)C(NC(=O)C(N)CO)C(C)C)C(=O)NC(CCC(N)=O)C(=O)NC(CC(C)C)C(=O)NC(CCSC)C(=O)NC(Cc1c[nH]cn1)C(=O)NC(CC(N)=O)C(=O)NC(CC(C)C)C(=O)NCC(=O)NC(CCCCN)C(=O)NC(Cc1c[nH]cn1)C(=O)NC(CC(C)C)C(=O)NC(CC(N)=O)C(=O)NC(CO)C(=O)NC(CCSC)C(=O)NC(CCC(=O)O)C(=O)NC(CCCNC(=N)N)C(=O)NC(C(=O)NC(CCC(=O)O)C(=O)NC(Cc1c[nH]c2ccccc12)C(=O)NC(CC(C)C)C(=O)NC(CCCNC(=N)N)C(=O)NC(CCCCN)C(=O)NC(CCCCN)C(=O)NC(CC(C)C)C(=O)NC(CCC(N)=O)C(=O)NC(CC(=O)O)C(=O)NC(C(=O)NC(Cc1c[nH]cn1)C(=O)NC(CC(N)=O)C(=O)NC(Cc1ccccc1)C(=O)O)C(C)C)C(C)C,CID116129682
Gd-DTPA,CNC[C@H](O)[C@@H](O)[C@H](O)[C@H](O)CO.CNC[C@H](O)[C@@H](O)[C@H](O)[C@H](O)CO.O=C([O-])CN(CCN(CC(=O)[O-])CC(=O)O)CCN(CC(=O)[O-])CC(=O)O.[Gd+3],CID100055466
Gd-EOB-DTPA,CCOc1ccc(CC(CN(CCN(CC(=O)O)CC(=O)O)CC(=O)O)N(CC(=O)O)CC(=O)O)cc1.[Gd+3],CID100219084
Goserelin,CC(C)CC(NC(=O)C(COC(C)(C)C)NC(=O)C(Cc1ccc(O)cc1)NC(=O)C(CO)NC(=O)C(Cc1c[nH]c2ccccc12)NC(=O)C(Cc1cnc[nH]1)NC(=O)C1CCC(=O)N1)C(=O)NC(CCCN=C(N)N)C(=O)N1CCCC1C(=O)NNC(N)=O,CID100047725
Histrelin,CCNC(=O)C1CCCN1C(=O)C(CCCNC(=N)N)NC(=O)C(CC(C)C)NC(=O)C(Cc1cn(Cc2ccccc2)cn1)NC(=O)C(Cc1ccc(O)cc1)NC(=O)C(CO)NC(=O)C(Cc1c[nH]c2ccccc12)NC(=O)C(Cc1c[nH]cn1)NC(=O)C1CCC(=O)N1,CID125077993
Hoe,COS(=O)(=O)[O-].C[N+]1(CCC(C2=CCCCC2)c2ccccc2)CCCCC1,CID100071362
Humalog,CC(C)C[C@H](NC(=O)[C@H](C)NC(=O)[C@H](CCC(=O)O)NC(=O)[C@@H](NC(=O)[C@H](CC(C)C)NC(=O)[C@H](Cc1cnc[nH]1)NC(=O)[C@H](CO)NC(=O)CNC(=O)[C@H](CS)NC(=O)[C@H](CC(C)C)NC(=O)[C@H](Cc1cnc[nH]1)NC(=O)[C@H](CCC(N)=O)NC(=O)[C@H](CC(N)=O)NC(=O)[C@@H](NC(=O)[C@@H](N)Cc1ccccc1)C(C)C)C(C)C)C(=O)N[C@@H](Cc1ccc(O)cc1)C(=O)N[C@@H](CC(C)C)C(=O)N[C@H](C(=O)N[C@@H](CS)C(=O)NCC(=O)N[C@@H](CCC(=O)O)C(=O)N[C@@H](CCCNC(=N)N)C(=O)NCC(=O)N[C@@H](Cc1ccccc1)C(=O)N[C@@H](Cc1ccccc1)C(=O)N[C@@H](Cc1ccc(O)cc1)C(=O)N[C@H](C(=O)N[C@@H](CCCCN)C(=O)N1CCC[C@H]1C(=O)N[C@H](C(=O)O)[C@@H](C)O)[C@@H](C)O)C(C)C.CC[C@H](C)[C@H](NC(=O)CN)C(=O)N[C@H](C(=O)N[C@@H](CCC(=O)O)C(=O)N[C@@H](CCC(N)=O)C(=O)N[C@@H](CS)C(=O)N[C@@H](CS)C(=O)N[C@H](C(=O)N[C@@H](CO)C(=O)N[C@H](C(=O)N[C@@H](CS)C(=O)N[C@@H](CO)C(=O)N[C@@H](CC(C)C)C(=O)N[C@@H](Cc1ccc(O)cc1)C(=O)N[C@@H](CCC(N)=O)C(=O)N[C@@H](CC(C)C)C(=O)N[C@@H](CCC(=O)O)C(=O)N[C@@H](CC(N)=O)C(=O)N[C@@H](Cc1ccc(O)cc1)C(=O)N[C@@H](CS)C(=O)N[C@@H](CC(N)=O)C(=O)O)[C@@H](C)CC)[C@@H](C)O)C(C)C,CID116132438
ICI,ICI,CID100104741
IdUrd,O=c1[nH]c(=O)n([C@H]2C[C@H](O)[C@@H](CO)O2)cc1I,CID100003687
Implanon,C#C[C@]1(O)CCC2C3CCC4=CC(=O)CCC4C3C(=C)CC21CC,CID100040976
Insulin,CC[C@H](C)[C@H](NC(=O)CN)C(=O)N[C@H](C(=O)N[C@@H](CCC(=O)O)C(=O)N[C@@H](CCC(N)=O)C(=O)N[C@H]1CSSC[C@@H]2NC(=O)[C@H]([C@@H](C)CC)NC(=O)[C@H](CO)NC(=O)[C@H]([C@@H](C)O)NC(=O)[C@H](CSSC[C@H](NC(=O)[C@H](CC(C)C)NC(=O)[C@H](Cc3cnc[nH]3)NC(=O)[C@H](CCC(N)=O)NC(=O)[C@H](CC(N)=O)NC(=O)[C@@H](NC(=O)[C@@H](N)Cc3ccccc3)C(C)C)C(=O)NCC(=O)N[C@@H](CO)C(=O)N[C@@H](Cc3cnc[nH]3)C(=O)N[C@@H](CC(C)C)C(=O)N[C@@H](C(C)C)C(=O)N[C@@H](CCC(=O)O)C(=O)N[C@@H](C)C(=O)N[C@@H](CC(C)C)C(=O)N[C@@H](Cc3ccc(O)cc3)C(=O)N[C@@H](CC(C)C)C(=O)N[C@@H](C(C)C)C(=O)N[C@H](C(=O)NCC(=O)N[C@@H](CCC(=O)O)C(=O)N[C@@H](CCCNC(=N)N)C(=O)NCC(=O)N[C@@H](Cc3ccccc3)C(=O)N[C@@H](Cc3ccccc3)C(=O)N[C@@H](Cc3ccc(O)cc3)C(=O)N[C@H](C(=O)N3CCC[C@H]3C(=O)N[C@@H](CCCCN)C(=O)N[C@H](C(=O)O)[C@@H](C)O)[C@@H](C)O)CSSC[C@@H](C(=O)N[C@@H](CC(N)=O)C(=O)O)NC(=O)[C@H](Cc3ccc(O)cc3)NC(=O)[C@H](CC(N)=O)NC(=O)[C@H](CCC(=O)O)NC(=O)[C@H](CC(C)C)NC(=O)[C@H](CCC(N)=O)NC(=O)[C@H](Cc3ccc(O)cc3)NC(=O)[C@H](CC(C)C)NC(=O)[C@H](CO)NC2=O)NC1=O)C(C)C,CID116129672
LY146032,CCCCCCCCCC(=O)NC(Cc1c[nH]c2ccccc12)C(=O)NC(CC(N)=O)C(=O)NC(CC(=O)O)C(=O)NC1C(=O)NCC(=O)NC(CCCN)C(=O)NC(CC(=O)O)C(=O)NC(C)C(=O)NC(CC(=O)O)C(=O)NCC(=O)NC(CO)C(=O)NC(C(C)CC(=O)O)C(=O)NC(CC(=O)c2ccccc2N)C(=O)OC1C,CID116129629
Leuprorelin,CCNC(=O)C1CCCN1C(=O)C(CCCN=C(N)N)NC(=O)C(CC(C)C)NC(=O)C(CC(C)C)NC(=O)C(Cc1ccc(O)cc1)NC(=O)C(CO)NC(=O)C(Cc1c[nH]c2ccccc12)NC(=O)C(Cc1cnc[nH]1)NC(=O)C1CCC(=O)N1,CID100003911
Lisinopril,NCCCC[C@H](N[C@@H](CCc1ccccc1)C(=O)O)C(=O)N1CCC[C@H]1C(=O)O.O.O,CID100003937
N-acetylcysteine,CC(=O)N[C@@H](CS)C(=O)O,CID100000581
N-carbamylglutamate,NC(=O)N[C@@H](CCC(=O)[O-])C(=O)[O-],CID100121396
N-methylscopolamine,C[N+]1(C)[C@@H]2CC(OC(=O)[C@H](CO)c3ccccc3)C[C@H]1[C@@H]1O[C@@H]12,CID100004120
NTBC,CC(C)Nc1nc2cc(Cl)c(Cl)cc2n1[C@H]1OC(CO)C(O)C1O,CID100115355
Nafarelin,CC(C)CC(NC(=O)C(Cc1ccc2ccccc2c1)NC(=O)C(Cc1ccc(O)cc1)NC(=O)C(CO)NC(=O)C(Cc1c[nH]c2ccccc12)NC(=O)C(Cc1c[nH]cn1)NC(=O)C1CCC(=O)N1)C(=O)NC(CCCNC(=N)N)C(=O)N1CCCC1C(=O)NCC(N)=O,CID125077405
NovoLog,CC(C)C[C@H](NC(=O)[C@H](C)NC(=O)[C@H](CCC(=O)O)NC(=O)[C@@H](NC(=O)[C@H](CC(C)C)NC(=O)[C@H](Cc1cnc[nH]1)NC(=O)[C@H](CO)NC(=O)CNC(=O)[C@H](CS)NC(=O)[C@H](CC(C)C)NC(=O)[C@H](Cc1cnc[nH]1)NC(=O)[C@H](CCC(N)=O)NC(=O)[C@H](CC(N)=O)NC(=O)[C@@H](NC(=O)[C@@H](N)Cc1ccccc1)C(C)C)C(C)C)C(=O)N[C@@H](Cc1ccc(O)cc1)C(=O)N[C@@H](CC(C)C)C(=O)N[C@H](C(=O)N[C@@H](CS)C(=O)NCC(=O)N[C@@H](CCC(=O)O)C(=O)N[C@@H](CCCNC(=N)N)C(=O)NCC(=O)N[C@@H](Cc1ccccc1)C(=O)N[C@@H](Cc1ccccc1)C(=O)N[C@@H](Cc1ccc(O)cc1)C(=O)N[C@H](C(=O)N[C@@H](CC(=O)O)C(=O)N[C@@H](CCCCN)C(=O)N[C@H](C(=O)O)[C@@H](C)O)[C@@H](C)O)C(C)C.CC[C@H](C)[C@H](NC(=O)CN)C(=O)N[C@H](C(=O)N[C@@H](CCC(=O)O)C(=O)N[C@@H](CCC(N)=O)C(=O)N[C@@H](CS)C(=O)N[C@@H](CS)C(=O)N[C@H](C(=O)N[C@@H](CO)C(=O)N[C@H](C(=O)N[C@@H](CS)C(=O)N[C@@H](CO)C(=O)N[C@@H](CC(C)C)C(=O)N[C@@H](Cc1ccc(O)cc1)C(=O)N[C@@H](CCC(N)=O)C(=O)N[C@@H](CC(C)C)C(=O)N[C@@H](CCC(=O)O)C(=O)N[C@@H](CC(N)=O)C(=O)N[C@@H](Cc1ccc(O)cc1)C(=O)N[C@@H](CS)C(=O)N[C@@H](CC(N)=O)C(=O)O)[C@@H](C)CC)[C@@H](C)O)C(C)C,CID116132418
Nuvocid,CN[C@H](CC(C)C)C(=O)N[C@H]1C(=O)N[C@@H](CC(N)=O)C(=O)N[C@H]2C(=O)N[C@H]3C(=O)N[C@H](C(=O)N[C@@H](C(=O)O)c4cc(O)cc(O)c4-c4cc3ccc4O)[C@H](O[C@H]3C[C@](C)(N)[C@@H](O)[C@H](C)O3)c3ccc(c(Cl)c3)Oc3cc2cc(c3O[C@@H]2O[C@H](CO)[C@@H](O)[C@H](O)[C@H]2O[C@H]2C[C@](C)(NCc3ccc(-c4ccc(Cl)cc4)cc3)[C@@H](O)[C@H](C)O2)Oc2ccc(cc2Cl)[C@H]1O,CID116129632
Octreotide,CC(O)C(CO)NC(=O)C1CSSCC(NC(=O)C(N)Cc2ccccc2)C(=O)NC(Cc2ccccc2)C(=O)NC(Cc2c[nH]c3ccccc23)C(=O)NC(CCCCN)C(=O)NC(C(C)O)C(=O)N1,CID100054373
PGE1,CCCCCC(O)/C=C/C1C(O)CC(=O)C1CCCCCCC(=O)O,CID100000214
PGE2,CCCCC[C@H](O)/C=C/[C@H]1[C@H](O)CC(=O)[C@@H]1C/C=C\CCCC(=O)O,CID100000158
Protirelin,NC(=O)[C@@H]1CCCN1C(=O)[C@H](Cc1cnc[nH]1)NC(=O)[C@@H]1CCC(=O)N1,CID100032281
Refludan,CC[C@H](C)[C@H](NC(=O)[C@H](CS)NC(=O)[C@H](CCCCN)NC(=O)[C@H](CC(N)=O)NC(=O)CNC(=O)[C@H](CCC(N)=O)NC(=O)CNC(=O)[C@H](CS)NC(=O)[C@@H](NC(=O)[C@H](CC(N)=O)NC(=O)[C@H](CO)NC(=O)CNC(=O)[C@H](CCC(=O)O)NC(=O)[C@H](CS)NC(=O)[C@H](CC(C)C)NC(=O)[C@H](CS)NC(=O)[C@H](CC(C)C)NC(=O)[C@H](CC(N)=O)NC(=O)[C@H](CCC(N)=O)NC(=O)CNC(=O)[C@H](CO)NC(=O)[C@H](CCC(=O)O)NC(=O)[C@@H](NC(=O)[C@H](CS)NC(=O)[C@H](CC(=O)O)NC(=O)[C@@H](NC(=O)[C@H](Cc1ccc(O)cc1)NC(=O)[C@@H](NC(=O)[C@@H](N)CC(C)C)[C@@H](C)O)[C@@H](C)O)[C@@H](C)O)C(C)C)C(=O)N[C@@H](CC(C)C)C(=O)NCC(=O)N[C@@H](CO)C(=O)N[C@@H](CC(=O)O)C(=O)NCC(=O)N[C@@H](CCC(=O)O)C(=O)N[C@@H](CCCCN)C(=O)N[C@@H](CC(N)=O)C(=O)N[C@@H](CCC(N)=O)C(=O)N[C@@H](CS)C(=O)N[C@H](C(=O)N[C@H](C(=O)NCC(=O)N[C@@H](CCC(=O)O)C(=O)NCC(=O)N[C@H](C(=O)N1CCC[C@H]1C(=O)N[C@@H](CCCCN)C(=O)N1CCC[C@H]1C(=O)N[C@@H](CCC(N)=O)C(=O)N[C@@H](CO)C(=O)N[C@@H](Cc1cnc[nH]1)C(=O)N[C@@H](CC(N)=O)C(=O)N[C@@H](CC(=O)O)C(=O)NCC(=O)N[C@@H](CC(=O)O)C(=O)N[C@@H](Cc1ccccc1)C(=O)N[C@@H](CCC(=O)O)C(=O)N[C@@H](CCC(=O)O)C(=O)N[C@H](C(=O)N1CCC[C@H]1C(=O)N[C@@H](CCC(=O)O)C(=O)N[C@@H](CCC(=O)O)C(=O)N[C@@H](Cc1ccc(O)cc1)C(=O)N[C@@H](CC(C)C)C(=O)N[C@@H](CCC(N)=O)C(=O)O)[C@@H](C)CC)[C@@H](C)O)[C@@H](C)O)C(C)C,CID116132441
Romidepsin,C/C=C1\NC(=O)[C@H]2CSSCC/C=C/[C@H](CC(=O)N[C@H](C(C)C)C(=O)N2)OC(=O)[C@H](C(C)C)NC1=O,CID100003425
SU5416,Cc1cc(C)c(/C=C2\C(=O)Nc3ccccc32)[nH]1,CID100123015
Saxagliptin,N#C[C@@H]1C[C@@H]2C[C@@H]2N1C(=O)[C@@H](N)C12CC3CC(CC(O)(C3)C1)C2.O=C(O)C(F)(F)F,CID111235728
SonoVue,FS(F)(F)(F)(F)F,CID100017358
Symlin,CC[C@H](C)[C@H](NC(=O)[C@@H]1CCCN1C(=O)CNC(=O)[C@H](Cc1ccccc1)NC(=O)[C@H](CC(N)=O)NC(=O)[C@H](CC(N)=O)NC(=O)[C@H](CO)NC(=O)[C@H](CO)NC(=O)[C@H](Cc1cnc[nH]1)NC(=O)[C@@H](NC(=O)[C@H](CC(C)C)NC(=O)[C@H](Cc1ccccc1)NC(=O)[C@H](CC(N)=O)NC(=O)[C@H](C)NC(=O)[C@H](CC(C)C)NC(=O)[C@H](CCCNC(=N)N)NC(=O)[C@H](CCC(N)=O)NC(=O)[C@@H](NC(=O)[C@H](C)NC(=O)[C@H](CS)NC(=O)[C@@H](NC(=O)[C@H](C)NC(=O)[C@@H](NC(=O)[C@H](CC(N)=O)NC(=O)[C@H](CS)NC(=O)[C@@H](N)CCCCN)[C@@H](C)O)[C@@H](C)O)[C@@H](C)O)C(C)C)C(=O)N[C@@H](CC(C)C)C(=O)N1CCC[C@H]1C(=O)N1CCC[C@H]1C(=O)N[C@H](C(=O)N[C@@H](CC(N)=O)C(=O)N[C@H](C(=O)NCC(=O)N[C@@H](CO)C(=O)N[C@@H](CC(N)=O)C(=O)N[C@H](C(=O)N[C@@H](Cc1ccc(O)cc1)C(N)=O)[C@@H](C)O)C(C)C)[C@@H](C)O,CID116132446
TPGS,Cc1c(C)c2c(c(C)c1OC(=O)CCC(=O)OCCO)CCC(C)(CCCC(C)CCCC(C)CCCC(C)C)O2,CID100071406
Tadenan,CCCCCCCCCCCCCCCCCCCCCCO,CID100012620
Terlipressin,NCCCC[C@H](NC(=O)[C@@H]1CCCN1C(=O)[C@@H]1CSSC[C@H](NC(=O)CNC(=O)CNC(=O)CN)C(=O)N[C@@H](Cc2ccc(O)cc2)C(=O)N[C@@H](Cc2ccccc2)C(=O)N[C@@H](CCC(N)=O)C(=O)N[C@@H](CC(N)=O)C(=O)N1)C(=O)NCC(N)=O,CID100072081
Triptorelin,CC(C)CC(NC(=O)C(Cc1c[nH]c2ccccc12)NC(=O)C(Cc1ccc(O)cc1)NC(=O)C(CO)NC(=O)C(Cc1c[nH]c2ccccc12)NC(=O)C(Cc1c[nH]cn1)NC(=O)C1CCC(=O)N1)C(=O)NC(CCCNC(=N)N)C(=O)N1CCCC1C(=O)NCC(N)=O,CID125074470
VACV,CC(C)[C@H](N)C(=O)OCCOCn1cnc2c(=O)nc(N)[nH]c21,CID100005647
Vitrum,CC(C)CC(NC(=O)CNC(=O)C(CCC(N)=O)NC(=O)C(CC(C)C)NC(=O)C(CC(C)C)NC(=O)C(CCCNC(=N)N)NC(=O)C(CCC(N)=O)NC(=O)C(CC(C)C)NC(=O)C(CCCNC(=N)N)NC(=O)C(C)NC(=O)C(CO)NC(=O)C(CC(=O)O)NC(=O)C(CCCNC(=N)N)NC(=O)C(CC(C)C)NC(=O)C(CCCNC(=N)N)NC(=O)C(CO)NC(=O)C(CC(C)C)NC(=O)C(CCC(=O)O)NC(=O)C(CO)NC(=O)C(NC(=O)C(Cc1ccccc1)NC(=O)C(NC(=O)CNC(=O)C(CC(=O)O)NC(=O)C(CO)NC(=O)C(N)Cc1ncc[nH]1)C(C)O)C(C)O)C(=O)NC(C(=O)O)C(C)C,CID116129665
ZnCl2,[Cl-].[Cl-].[Zn+2],CID100005727
abacavir,Nc1nc(NC2CC2)c2ncn([C@H]3C=C[C@@H](CO)C3)c2n1,CID100001971
acamprosate,CC(=O)NCCCS(=O)(=O)O,CID100071158
acarbose,C[C@H]1O[C@H](O[C@H]2[C@H](O)[C@@H](O)[C@@H](O[C@H]3[C@H](O)[C@@H](O)[C@H](O)O[C@@H]3CO)O[C@@H]2CO)[C@H](O)[C@@H](O)[C@@H]1N[C@H]1C=C(CO)[C@H](O)[C@H](O)[C@H]1O,CID100041774
acebutolol,CCCC(=O)Nc1ccc(OCC(O)CNC(C)C)c(C(C)=O)c1,CID100001978
acenocoumarol,CC(=O)CC(c1ccc([N+](=O)[O-])cc1)c1c(O)oc2ccccc2c1=O,CID140468184
acetaminophen,CC(=O)Nc1ccc(O)cc1,CID100001983
acetate,CC(=O)[O-],CID100000175
acetazolamide,CC(=O)Nc1nnc(S(N)(=O)=O)s1,CID100001986
acetohydroxamic,CC(=O)NO,CID100001990
acetylcholine,CC(=O)OCC[N+](C)(C)C,CID100000187
acipimox,Cc1cnc(C(=O)O)c[n+]1[O-],CID105310993
acitretin,COc1cc(C)c(/C=C/C(C)=C/C=C/C(C)=C/C(=O)O)c(C)c1C,CID100041317
acyclovir,Nc1nc(=O)c2ncn(COCCO)c2[nH]1,CID100002022
adapalene,COc1ccc(-c2ccc3cc(C(=O)O)ccc3c2)cc1C12CC3CC(CC(C3)C1)C2,CID100060164
adefovir,Nc1ncnc2c1ncn2CCOCP(=O)(O)O,CID100060172
adenosine,Nc1ncnc2c1ncn2C1OC(CO)C(O)C1O,CID100000191
agomelatine,COc1ccc2cccc(CCNC(C)=O)c2c1,CID100082148
albendazole,CCCSc1ccc2nc(NC(=O)OC)[nH]c2c1,CID100002082
alclometasone,C[C@@H]1C[C@H]2[C@H]3[C@H]([C@@H](O)C[C@]2(C)[C@@]1(O)C(=O)CO)[C@@]1(C)C=CC(=O)C=C1C[C@H]3Cl,CID104630253
alendronate,NCCCC(O)(P(=O)(O)O)P(=O)(O)O,CID100002088
alfentanil,CCC(=O)N(c1ccccc1)C1(COC)CCN(CCn2nnn(CC)c2=O)CC1,CID100051263
alfuzosin,COc1cc2nc(N(C)CCCNC(=O)C3CCCO3)nc(N)c2cc1OC,CID100002092
aliskiren,COCCCOc1cc(C[C@@H](C[C@H](N)[C@@H](O)C[C@H](C(=O)NCC(C)(C)C(N)=O)C(C)C)C(C)C)ccc1OC,CID100216209
allopurinol,O=c1ncnc2[nH][nH]cc1-2,CID100002094
almotriptan,CN(C)CCc1c[nH]c2ccc(CS(=O)(=O)N3CCCC3)cc12,CID100123606
alosetron,Cc1[nH]cnc1CN1CCc2c(c3ccccc3n2C)C1=O,CID100002099
alpha-methyl-p-tyrosine,CC(N)(Cc1ccc(O)cc1)C(=O)O,CID100003125
alprazolam,Cc1nnc2n1-c1ccc(Cl)cc1C(c1ccccc1)=NC2,CID100002118
alvimopan,C[C@H]1CN(C[C@H](Cc2ccccc2)C(=O)NCC(=O)O)CC[C@@]1(C)c1cccc(O)c1.O.O,CID105488547
amantadine,NC12CC3CC(CC(C3)C1)C2.[Cl-].[H+],CID100002130
ambrisentan,COC(c1ccccc1)(c1ccccc1)C(Oc1nc(C)cc(C)n1)C(=O)O,CID100197712
amcinonide,CC(=O)OCC(=O)[C@@]12OC3(CCCC3)O[C@@H]1C[C@H]1[C@@H]3CCC4=CC(=O)C=C[C@]4(C)[C@@]3(F)[C@@H](O)C[C@@]12C,CID100002133
amifostine,NCCCNCCSP(=O)(O)O,CID100002141
amikacin,NCC[C@H](O)C(=O)N[C@@H]1C[C@H](N)[C@@H](O[C@H]2O[C@H](CN)[C@@H](O)[C@H](O)[C@H]2O)[C@H](O)[C@H]1O[C@H]1O[C@H](CO)[C@@H](O)[C@H](N)[C@H]1O,CID100002142
amiloride,NC(N)=NC(=O)c1nc(Cl)c(N)nc1N,CID100016230
aminoglutethimide,CCC1(c2ccc(N)cc2)CCC(=O)NC1=O,CID100002145
aminophylline,Cn1c(=O)c2[nH]cnc2n(C)c1=O.Cn1c(=O)c2[nH]cnc2n(C)c1=O.NCCN,CID100009433
amiodarone,CCCCc1oc2ccccc2c1C(=O)c1cc(I)c(OCCN(CC)CC)c(I)c1,CID100002156
amisulpride,CCN1CCCC1CNC(=O)c1cc(S(=O)(=O)CC)c(N)cc1OC,CID100002159
amitriptyline,CN(C)CCC=C1c2ccccc2CCc2ccccc21,CID100002160
amlexanox,CC(C)c1ccc2oc3nc(N)c(C(=O)O)cc3c(=O)c2c1,CID100002161
amlodipine,CCOC(=O)C1=C(COCCN)NC(C)=C(C(=O)OC)C1c1ccccc1Cl,CID100002162
amobarbital,CCC1(CCC(C)C)C(=O)NC(=O)NC1=O,CID100002163
amorolfine,CCC(C)(C)c1ccc(CC(C)CN2C[C@@H](C)O[C@@H](C)C2)cc1,CID100002168
amoxapine,Clc1ccc2c(c1)C(N1CCNCC1)=Nc1ccccc1O2,CID100002170
amoxicillin,CC1(C)S[C@@H]2[C@H](NC(=O)[C@H](N)c3ccc(O)cc3)C(=O)N2[C@H]1C(=O)O.O.O.O,CID100002171
amphetamine,CC(N)Cc1ccccc1,CID100003007
amphotericin,C[C@@H]1[C@H](O)[C@@H](C)/C=C\C=C/C=C\C=C/C=C\C=C/C=C\[C@H](O[C@@H]2O[C@H](C)[C@@H](O)[C@H](N)[C@@H]2O)C[C@@H]2O[C@](O)(C[C@@H](O)C[C@@H](O)[C@H](O)CC[C@@H](O)C[C@@H](O)CC(=O)O[C@H]1C)C[C@H](O)[C@H]2C(=O)O,CID100001972
ampicillin,CC1(C)S[C@@H]2[C@H](NC(=O)[C@H](N)c3ccccc3)C(=O)N2[C@H]1C(=O)O,CID100002173
amprenavir,CC(C)CN(C[C@@H](O)[C@H](Cc1ccccc1)NC(=O)O[C@H]1CCOC1)S(=O)(=O)c1ccc(N)cc1,CID100002177
amsacrine,COc1cc(NS(C)(=O)=O)ccc1Nc1c2ccccc2nc2ccccc12,CID100002179
anagrelide,O=C1CN2Cc3c(ccc(Cl)c3Cl)NC2=N1,CID100002182
anastrozole,CC(C)(C#N)c1cc(Cn2cncn2)cc(C(C)(C)C#N)c1,CID100002187
apomorphine,CN1CCc2cccc3c2[C@H]1Cc1ccc(O)c(O)c1-3,CID100002215
apraclonidine,Nc1cc(Cl)c(NC2=NCCN2)c(Cl)c1,CID100002216
aprepitant,C[C@@H](O[C@@H]1OCCN(Cc2nc(=O)[nH][nH]2)[C@@H]1c1ccc(F)cc1)c1cc(C(F)(F)F)cc(C(F)(F)F)c1,CID100151165
argatroban,CC1CNc2c(cccc2S(=O)(=O)NC(CCCN=C(N)N)C(=O)N2CC[C@@H](C)C[C@@H]2C(=O)O)C1.O,CID100002232
arginine,N=C(N)NCCC[C@H](N)C(=O)O,CID100000232
aripiprazole,O=C1CCc2ccc(OCCCCN3CCN(c4cccc(Cl)c4Cl)CC3)cc2N1,CID100060795
arsenic,[AsH2],CID100014888
articaine,CCCNC(C)C(=O)Nc1c(C)csc1C(=O)OC,CID100032169
ascorbate,O=C1O[C@H]([C@@H](O)CO)C(=O)[C-]1O,CID111020241
aspirin,CC(=O)Oc1ccccc1C(=O)O,CID100002244
atazanavir,COC(=O)N[C@H](C(=O)N[C@@H](Cc1ccccc1)[C@@H](O)CN(Cc1ccc(-c2ccccn2)cc1)NC(=O)[C@@H](NC(=O)OC)C(C)(C)C)C(C)(C)C,CID100148192
atenolol,CC(C)NCC(O)COc1ccc(CC(N)=O)cc1,CID100002249
atomoxetine,CNCC[C@@H](Oc1ccccc1C)c1ccccc1,CID100054840
atorvastatin,CC(C)c1c(C(=O)Nc2ccccc2)c(-c2ccccc2)c(-c2ccc(F)cc2)n1CC[C@@H](O)C[C@@H](O)CC(=O)O,CID100002250
atosiban,CCOc1ccc(C[C@H]2NC(=O)CCSSC[C@@H](C(=O)N3CCC[C@H]3C(=O)N[C@@H](CCCN)C(=O)NCC(N)=O)NC(=O)[C@H](CC(N)=O)NC(=O)C([C@@H](C)O)NC(=O)[C@H]([C@@H](C)CC)NC2=O)cc1,CID100068613
atovaquone,O=C1C(=O)c2ccccc2C(O)=C1C1CCC(c2ccc(Cl)cc2)CC1,CID100074989
atracurium,COc1ccc(CC2c3cc(OC)c(OC)cc3CC[N+]2(C)CCC(=O)OCCCCCOC(=O)CC[N+]2(C)CCc3cc(OC)c(OC)cc3C2Cc2ccc(OC)c(OC)c2)cc1OC,CID100047319
atropine,CN1C2CCC1CC(OC(=O)C(CO)c1ccccc1)C2,CID100003661
azathioprine,Cn1cnc([N+](=O)[O-])c1Sc1ncnc2nc[nH]c12,CID100002265
azelastine,CN1CCCC(n2nc(Cc3ccc(Cl)cc3)c3ccccc3c2=O)CC1,CID100002267
azithromycin,CC[C@H]1OC(=O)[C@H](C)[C@@H](O[C@H]2C[C@@](C)(OC)[C@@H](O)[C@H](C)O2)C(C)[C@@H](O[C@@H]2O[C@H](C)C[C@H](N(C)C)[C@H]2O)[C@](C)(O)C[C@@H](C)CN(C)[C@H](C)[C@@H](O)[C@]1(C)O,CID100002269
aztreonam,C[C@H]1[C@H](NC(=O)/C(=N\OC(C)(C)C(=O)O)c2csc([NH3+])n2)C(=O)N1S(=O)(=O)[O-],CID100002274
baclofen,NCC(CC(=O)O)c1ccc(Cl)cc1,CID100002284
balsalazide,O=C(O)CCNC(=O)c1ccc(N/N=C2/C=CC(=O)C(C(=O)O)=C2)cc1,CID105362070
bazedoxifene,Cc1c(-c2ccc(O)cc2)n(Cc2ccc(OCCN3CCCCCC3)cc2)c2ccc(O)cc12,CID100154256
beclomethasone,C[C@H]1C[C@H]2[C@@H]3CCC4=CC(=O)C=C[C@]4(C)[C@@]3(Cl)[C@@H](O)C[C@]2(C)[C@@]1(O)C(=O)CO,CID100002307
benazepril,CCOC(=O)[C@H](CCc1ccccc1)N[C@H]1CCc2ccccc2N(CC(=O)O)C1=O,CID100002311
bendamustine,Cn1c(CCCC(=O)O)nc2cc(N(CCCl)CCCl)ccc21,CID100065628
bendrofluazide,NS(=O)(=O)c1cc2c(cc1C(F)(F)F)NC(Cc1ccccc1)NS2(=O)=O,CID100002315
benzathine,c1ccc(CNCCNCc2ccccc2)cc1,CID100015232
benzocaine,CCOC(=O)c1ccc(N)cc1,CID100002337
benzonatate,CCCCNc1ccc(C(=O)OCCOCCOCCOCCOCCOCCOCCOCCOCCOC)cc1,CID100007699
benztropine,CN1C2CCC1CC(OC(c1ccccc1)c1ccccc1)C2.O=S(=O)(O)O,CID100002344
benzydamine,CN(C)CCCOc1nn(Cc2ccccc2)c2ccccc12,CID100012555
bepridil,CC(C)COCC(CN(Cc1ccccc1)c1ccccc1)N1CCCC1,CID100002351
betahistine,CNCCc1ccccn1,CID100002366
betaine,C[N+](C)(C)CC(=O)[O-],CID100000247
betaxolol,CC(C)NCC(O)COc1ccc(CCOCC2CC2)cc1,CID100002369
bethanechol,CC(C[N+](C)(C)C)OC(N)=O.[Cl-],CID100002370
bexarotene,C=C(c1ccc(C(=O)O)cc1)c1cc2c(cc1C)C(C)(C)CCC2(C)C,CID100082146
bezafibrate,CC(C)(Oc1ccc(CCNC(=O)c2ccc(Cl)cc2)cc1)C(=O)O,CID100039042
bicalutamide,CC(O)(CS(=O)(=O)c1ccc(F)cc1)C(=O)Nc1ccc(C#N)c(C(F)(F)F)c1,CID100002375
bimatoprost,CCNC(=O)CCC/C=C\C[C@@H]1[C@@H](/C=C/[C@@H](O)CCc2ccccc2)[C@H](O)C[C@@H]1O,CID100127909
bisacodyl,CC(=O)Oc1ccc(C(c2ccc(OC(C)=O)cc2)c2ccccn2)cc1,CID100002391
bisoprolol,CC(C)NCC(O)COc1ccc(COCCOC(C)C)cc1,CID100002405
bortezomib,CC(C)C[C@@H](NC(=O)[C@@H](Cc1ccccc1)NC(=O)c1cnccn1)B(O)O,CID100093860
bosentan,COc1ccccc1Oc1c(NS(=O)(=O)c2ccc(C(C)(C)C)cc2)nc(-c2ncccn2)nc1OCCO,CID100104865
bretylium,CC[N+](C)(C)Cc1ccccc1Br,CID100002431
brimonidine,Brc1c(NC2=NCCN2)ccc2nccnc12,CID100002435
brinzolamide,CCN[C@H]1CN(CCCOC)S(=O)(=O)c2sc(S(N)(=O)=O)cc21,CID100068844
bromazepam,O=C1CN=C(c2ccccn2)c2cc(Br)ccc2N1,CID100002441
bromfenac,Nc1c(CC(=O)[O-])cccc1C(=O)c1ccc(Br)cc1.[Na+],CID100060726
bromhexine,CN(Cc1cc(Br)cc(Br)c1N)C1CCCCC1,CID100002442
bromocriptine,CC(C)C[C@H]1C(=O)N2CCC[C@H]2[C@]2(O)O[C@](NC(=O)[C@@H]3C=C4c5cccc6[nH]c(Br)c(c56)C[C@H]4N(C)C3)(C(C)C)C(=O)N12,CID100002443
budesonide,CCCC1O[C@@H]2C[C@H]3[C@@H]4CCC5=CC(=O)C=C[C@]5(C)[C@H]4[C@@H](O)C[C@]3(C)[C@]2(C(=O)CO)O1,CID100002462
bumetanide,CCCCNc1cc(C(=O)O)cc(S(N)(=O)=O)c1Oc1ccccc1,CID100002471
bupivacaine,CCCCN1CCCCC1C(=O)Nc1c(C)cccc1C,CID100002474
bupropion,CC(NC(C)(C)C)C(=O)c1cccc(Cl)c1,CID100000444
buspirone,O=C1CC2(CCCC2)CC(=O)N1CCCCN1CCN(c2ncccn2)CC1,CID100002477
busulfan,CS(=O)(=O)OCCCCOS(C)(=O)=O,CID100002478
butenafine,CN(Cc1ccc(C(C)(C)C)cc1)Cc1cccc2ccccc12,CID100002484
butoconazole,Clc1ccc(CCC(Cn2ccnc2)Sc2c(Cl)cccc2Cl)cc1,CID100047471
butorphanol,Oc1ccc2c(c1)[C@@]13CCCC[C@@]1(O)[C@@H](C2)N(CC1CCC1)CC3,CID100002487
cabergoline,C=CCN1C[C@H](C(=O)N(CCCN(C)C)C(=O)NCC)C[C@@H]2c3cccc4[nH]cc(c34)C[C@H]21,CID100002512
caffeine,Cn1c(=O)c2c(ncn2C)n(C)c1=O,CID100002519
calcipotriol,C=C1/C(=C\C=C2/CCC[C@]3(C)[C@@H]([C@H](C)/C=C/[C@@H](O)C4CC4)CC[C@@H]23)C[C@@H](O)C[C@@H]1O,CID100002522
calcium,[CaH2],CID100000271
candesartan,CCOc1nc2cccc(C(=O)O)c2n1Cc1ccc(-c2ccccc2-c2nn[nH]n2)cc1,CID100002540
capecitabine,CCCCCOC(=O)Nc1nc(=O)n([C@@H]2O[C@H](C)[C@@H](O)[C@H]2O)cc1F,CID100060953
capreomycin,C[C@@H]1NC(=O)[C@@H](N)CNC(=O)[C@H]([C@H]2CCN=C(N)N2)NC(=O)/C(=C\NC(N)=O)NC(=O)[C@H](CNC(=O)C[C@@H](N)CCCN)NC1=O.NCCC[C@H](N)CC(=O)NC[C@@H]1NC(=O)[C@H](CO)NC(=O)[C@@H](N)CNC(=O)[C@H]([C@H]2CCN=C(N)N2)NC(=O)/C(=C\NC(N)=O)NC1=O,CID100002547
capsaicin,COc1cc(CNC(=O)CCCC/C=C/C(C)C)ccc1O,CID100002548
captopril,C[C@H](CS)C(=O)N1CCC[C@H]1C(=O)O,CID100002550
carbachol,C[N+](C)(C)CCOC(N)=O.[Cl-],CID100002551
carbamazepine,NC(=O)N1c2ccccc2C=Cc2ccccc21,CID100002554
carbenicillin,CC1(C)S[C@@H]2[C@H](NC(=O)C(C(=O)O)c3ccccc3)C(=O)N2[C@H]1C(=O)O,CID100002559
carbimazole,CCOC(=O)n1ccn(C)c1=S,CID100031072
carbinoxamine,CN(C)CCOC(c1ccc(Cl)cc1)c1ccccn1,CID100002564
carboprost,CCCCC[C@](C)(O)/C=C/[C@@H]1[C@@H](C/C=C\CCCC(=O)O)[C@@H](O)C[C@H]1O,CID100441332
carisoprodol,CCCC(C)(COC(N)=O)COC(=O)NC(C)C,CID100002576
carnitine,C[N+](C)(C)CC(O)CC(=O)[O-],CID100000085
carteolol,CC(C)(C)NCC(O)COc1cccc2c1CCC(=O)N2,CID100002583
carvedilol,COc1ccccc1OCCNCC(O)COc1cccc2[nH]c3ccccc3c12,CID100002585
cefaclor,N[C@@H](C(=O)N[C@@H]1C(=O)N2C(C(=O)O)=C(Cl)CS[C@H]12)c1ccccc1,CID100002609
cefadroxil,CC1=C(C(=O)O)N2C(=O)[C@@H](NC(=O)[C@H](N)c3ccc(O)cc3)[C@H]2SC1,CID100002610
cefazolin,Cc1nnc(SCC2=C(C(=O)[O-])N3C(=O)[C@@H](NC(=O)Cn4cnnn4)[C@H]3SC2)s1.[Na+],CID100002617
cefdinir,C=CC1=C(C(=O)O)N2C(=O)[C@@H](NC(=O)/C(=N\O)c3csc(N)n3)[C@H]2SC1,CID106398970
cefditoren,CO/N=C(\C(=O)NC1C(=O)N2C(C(=O)O)=C(/C=C\c3scnc3C)CS[C@H]12)c1csc(N)n1,CID100444006
cefepime,CO/N=C(\C(=O)N[C@@H]1C(=O)N2C(C(=O)[O-])=C(C[N+]3(C)CCCC3)CS[C@H]12)c1csc(N)n1,CID100002622
cefixime,C=CC1=C(C(=O)O)N2C(=O)[C@@H](NC(=O)/C(=N\OCC(=O)O)c3csc(N)n3)[C@H]2SC1,CID100002675
cefotaxime,CO/N=C(\C(=O)N[C@H]1C(=O)N2C(C(=O)[O-])=C(COC(C)=O)CS[C@@H]12)c1csc(N)n1.[Na+],CID100002631
cefotetan,CO[C@@]1(NC(=O)C2SC(=C(C(N)=O)C(=O)O)S2)C(=O)N2C(C(=O)O)=C(CSc3nnnn3C)CS[C@@H]21,CID100050614
cefoxitin,CO[C@@]1(NC(=O)Cc2cccs2)C(=O)N2C(C(=O)O)=C(COC(N)=O)CS[C@@H]21,CID100002637
cefpodoxime,COCC1=C(C(=O)[O-])N2C(=O)[C@@H](NC(=O)/C(=N\OC)c3csc(N)n3)[C@H]2SC1.[Na+],CID100054547
cefprozil,C/C=C/C1=C(C(=O)O)N2C(=O)[C@@H](NC(=O)[C@H](N)c3ccc(O)cc3)[C@H]2SC1.O,CID100002646
ceftazidime,CC(C)(O/N=C(\C(=O)N[C@@H]1C(=O)N2C(C(=O)[O-])=C(C[n+]3ccccc3)CS[C@H]12)c1csc(N)n1)C(=O)O,CID100002650
ceftizoxime,CO/N=C(\C(=O)N[C@@H]1C(=O)N2C(C(=O)O)=CCS[C@H]12)c1csc(N)n1,CID100002655
ceftriaxone,CO/N=C(\C(=O)N[C@@H]1C(=O)N2C(C(=O)O)=C(CSc3nc(=O)c(=O)[nH]n3C)CS[C@H]12)c1csc(N)n1,CID100002656
cefuroxime,CO/N=C(\C(=O)N[C@@H]1C(=O)N2C(C(=O)O)=C(COC(N)=O)CS[C@H]12)c1ccco1,CID100002658
celecoxib,Cc1ccc(-c2cc(C(F)(F)F)nn2-c2ccc(S(N)(=O)=O)cc2)cc1,CID100002662
celiprolol,CCN(CC)C(=O)Nc1ccc(OCC(O)CNC(C)(C)C)c(C(C)=O)c1,CID100002663
cephalexin,CC1=C(C(=O)O)N2C(=O)[C@@H](NC(=O)[C@H](N)c3ccccc3)[C@H]2SC1.O,CID100002666
cephem,Nc1nc(/C(=C\CC(=O)O)C(=O)NC2C(=O)N3C(C(=O)O)=CCSC23)cs1,CID100002654
cerivastatin,COCc1c(C(C)C)nc(C(C)C)c(/C=C/[C@@H](O)C[C@@H](O)CC(=O)O)c1-c1ccc(F)cc1,CID100002676
cetirizine,O=C(O)COCCN1CCN(C(c2ccccc2)c2ccc(Cl)cc2)CC1,CID100002678
cetrorelix,CC(=O)N[C@H](Cc1ccc2ccccc2c1)C(=O)N[C@H](Cc1ccc(Cl)cc1)C(=O)N[C@H](Cc1cccnc1)C(=O)N[C@@H](CO)C(=O)N[C@@H](Cc1ccc(O)cc1)C(=O)N[C@H](CCCNC(N)=O)C(=O)N[C@@H](CC(C)C)C(=O)N[C@@H](CCCNC(=N)N)C(=O)N1CCC[C@H]1C(=O)N[C@H](C)C(N)=O.O=C(O)C(F)(F)F,CID125074886
cevimeline,C[C@@H]1O[C@@]2(CS1)CN1CCC2CC1.C[C@@H]1O[C@@]2(CS1)CN1CCC2CC1.O.[Cl-].[Cl-].[H+].[H+],CID100002684
chlorambucil,O=C(O)CCCc1ccc(N(CCCl)CCCl)cc1,CID100002708
chloramphenicol,O=C(NC(CO)C(O)c1ccc([N+](=O)[O-])cc1)C(Cl)Cl,CID100000298
chlordiazepoxide,CN=C1CN(O)C(c2ccccc2)=c2cc(Cl)ccc2=N1,CID100002712
chlorhexidine,NC(=NCCCCCCN=C(N)N=C(N)Nc1ccc(Cl)cc1)N=C(N)Nc1ccc(Cl)cc1,CID100002713
chloride,[Cl-],CID100000312
chloroprocaine,CCN(CC)CCOC(=O)c1ccc(N)cc1Cl,CID100008612
chloroquine,CCN(CC)CCCC(C)Nc1ccnc2cc(Cl)ccc12,CID100002719
chlorpheniramine,CN(C)CCC(c1ccc(Cl)cc1)c1ccccn1.O=C(O)/C=C\C(=O)O,CID100002725
chlorpromazine,CN(C)CCCN1c2ccccc2Sc2ccc(Cl)cc21,CID100002726
chlorpropamide,CCCNC(=O)NS(=O)(=O)c1ccc(Cl)cc1,CID100002727
chlorthalidone,NS(=O)(=O)c1cc(C2(O)NC(=O)c3ccccc32)ccc1Cl,CID100002732
chlorzoxazone,O=c1[nH]c2cc(Cl)ccc2o1,CID100002733
choline,C[N+](C)(C)CCO,CID100000305
ciclesonide,CC(C)C(=O)OCC(=O)[C@@]12O[C@H](C3CCCCC3)O[C@@H]1C[C@H]1[C@@H]3CCC4=CC(=O)C=C[C@]4(C)[C@H]3[C@@H](O)C[C@@]12C,CID100444033
ciclopirox,Cc1cc(C2CCCCC2)n(O)c(=O)c1.NCCO,CID100002749
cidofovir,Nc1ccn(C[C@@H](CO)OCP(=O)(O)O)c(=O)n1.O.O,CID100060613
cilazapril,CCOC(=O)[C@H](CCc1ccccc1)N[C@H]1CCCN2CCC[C@@H](C(=O)O)N2C1=O.O,CID100002751
cimetidine,CN=C(NC#N)NCCSCc1nc[nH]c1C,CID100002756
cinacalcet,C[C@@H](NCCCc1cccc(C(F)(F)F)c1)c1cccc2ccccc12,CID100156418
cinoxacin,CCn1nc(C(=O)O)c(=O)c2cc3c(cc21)OCO3,CID100002762
ciprofloxacin,O=C(O)c1cn(C2CC2)c2cc(N3CCNCC3)c(F)cc2c1=O,CID100002764
cisatracurium,COc1ccc(C[C@@H]2c3cc(OC)c(OC)cc3CC[N@+]2(C)CCC(=O)OCCCCCOC(=O)CC[N@@+]2(C)CCc3cc(OC)c(OC)cc3[C@H]2Cc2ccc(OC)c(OC)c2)cc1OC.O=S(=O)([O-])c1ccccc1.O=S(=O)([O-])c1ccccc1,CID100047320
cisplatin,N.N.[Cl-].[Cl-].[Pt+2],CID100002767
citalopram,CN(C)CCCC1(c2ccc(F)cc2)OCc2cc(C#N)ccc21,CID100002771
cladribine,Nc1nc(Cl)nc2c1ncn2[C@H]1C[C@H](O)[C@@H](CO)O1,CID100001546
clarithromycin,CC[C@H]1OC(=O)[C@H](C)[C@@H](O[C@H]2C[C@@](C)(OC)[C@@H](O)[C@H](C)O2)[C@H](C)[C@@H](O[C@@H]2O[C@H](C)C[C@H](N(C)C)[C@H]2O)[C@](C)(OC)C[C@@H](C)C(=O)[C@H](C)[C@@H](O)[C@]1(C)O,CID100054688
clindamycin,CCC[C@@H]1C[C@@H](C(=O)NC(C(C)Cl)[C@H]2O[C@H](SC)[C@H](O)[C@@H](O)[C@H]2O)N(C)C1,CID100002786
clobazam,CN1C(=O)CC(=O)N(c2ccccc2)c2cc(Cl)ccc21,CID100002789
clobetasol,CC1CC2C3CCC4=CC(=O)C=CC4(C)[C@@]3(F)C(O)CC2(C)[C@@]1(O)C(=O)CCl,CID100002791
clobetasone,C[C@H]1C[C@H]2[C@@H]3CCC4=CC(=O)C=C[C@]4(C)[C@@]3(F)C(=O)C[C@]2(C)[C@@]1(O)C(=O)CCl,CID100002792
clocortolone,C[C@@H]1CC2C3C[C@H](F)C4=CC(=O)C=CC4(C)[C@@]3(Cl)C(O)CC2(C)C1C(=O)CO,CID100020969
clodronate,O=P([O-])(O)C(Cl)(Cl)P(=O)([O-])O.[Na+].[Na+],CID100025419
clofarabine,Nc1nc(Cl)nc2c1ncn2C1OC(CO)C(O)C1F,CID100119182
clofazimine,CC(C)N=c1cc2n(-c3ccc(Cl)cc3)c3ccccc3nc-2cc1Nc1ccc(Cl)cc1,CID100002794
clomiphene,CCN(CC)CCOc1ccc(/C(=C(\Cl)c2ccccc2)c2ccccc2)cc1,CID100002800
clomipramine,CN(C)CCCN1c2ccccc2CCc2ccc(Cl)cc21,CID100002801
clonazepam,O=C1CN=C(c2ccccc2Cl)c2cc([N+](=O)[O-])ccc2N1,CID100002802
clonidine,Clc1cccc(Cl)c1NC1=NCCN1,CID100002803
clopidogrel,COC(=O)[C@H](c1ccccc1Cl)N1CCc2sccc2C1,CID100002806
clotrimazole,Clc1ccccc1C(c1ccccc1)(c1ccccc1)n1ccnc1,CID100002812
clozapine,CN1CCN(C2=c3ccccc3=Nc3ccc(Cl)cc3N2)CC1,CID100002818
cocaine,COC(=O)[C@@H]1C2CCC(C[C@@H]1OC(=O)c1ccccc1)N2C,CID100002826
codeine,COc1ccc2c3c1O[C@H]1[C@@H](O)C=C[C@H]4[C@@H](C2)N(C)CC[C@@]341,CID100002828
colchicine,COc1cc2c(c(OC)c1OC)-c1ccc(OC)c(=O)cc1[C@@H](NC(C)=O)CC2,CID100002833
colestipol,ClCC1CO1.NCCNCCNCCNCCN,CID100062816
conivaptan,Cc1nc2c([nH]1)CCN(C(=O)c1ccc(NC(=O)c3ccccc3-c3ccccc3)cc1)c1ccccc1-2,CID100151171
cortisol,C[C@]12CCC(=O)C=C1CC[C@@H]1[C@@H]2[C@@H](O)C[C@@]2(C)[C@H]1CC[C@]2(O)C(=O)CO,CID100003640
cortisone,C[C@]12CCC(=O)C=C1CC[C@@H]1[C@@H]2C(=O)C[C@@]2(C)[C@H]1CC[C@]2(O)C(=O)CO,CID100222786
cosyntropin,CSCC[C@H](NC(=O)[C@H](CO)NC(=O)[C@H](Cc1ccc(O)cc1)NC(=O)C(N)CO)C(=O)N[C@@H](CCC(=O)O)C(=O)N[C@@H](Cc1c[nH]cn1)C(=O)N[C@@H](Cc1ccccc1)C(=O)N[C@@H](CCCNC(=N)N)C(=O)N[C@@H](Cc1c[nH]c2ccccc12)C(=O)NCC(=O)N[C@@H](CCCCN)C(=O)N1CCC[C@H]1C(=O)N[C@H](C(=O)NCC(=O)N[C@H](CCCCN)C(=O)N[C@H](CCCCN)C(=O)N[C@H](CCCNC(=N)N)C(=O)N[C@H](CCCNC(=N)N)C(=O)N1CCC[C@H]1C(=O)N[C@H](C(=O)N[C@@H](CCCCN)C(=O)N[C@H](C(=O)N[C@@H](Cc1ccc(O)cc1)C(=O)N1CCC[C@H]1C(=O)O)C(C)C)C(C)C)C(C)C,CID116129617
cyclizine,CN1CCN(C(c2ccccc2)c2ccccc2)CC1,CID100006726
cyclobenzaprine,CN(C)CCC=C1c2ccccc2C=Cc2ccccc21,CID100002895
cyclopentolate,CN(C)CCOC(=O)C(c1ccccc1)C1(O)CCCC1,CID100002905
cyclophosphamide,O=P1(N(CCCl)CCCl)NCCCO1,CID100002907
cyproheptadine,CN1CCC(=C2c3ccccc3C=Cc3ccccc32)CC1,CID100002913
cyproterone,CC(=O)[C@@]1(O)CCC2C3C=C(Cl)C4=CC(=O)[C@@H]5C[C@@H]5C4(C)C3CCC21C,CID100002914
cysteamine,NCCS,CID100006058
cytarabine,Nc1ccn([C@@H]2O[C@H](CO)[C@@H](O)[C@@H]2O)c(=O)n1,CID100000596
cytokinin,c1coc(CNc2ncnc3nc[nH]c23)c1,CID100003830
dabigatran,Cn1c(CNc2ccc(C(=N)N)cc2)nc2cc(C(=O)N(CCC(=O)O)c3ccccn3)ccc21,CID100213023
dacarbazine,CN(C)N/N=C1/N=CN=C1C(N)=O,CID105281007
dalbavancin,CN[C@H]1C(=O)N[C@@H]2Cc3ccc(cc3)Oc3cc4cc(c3O[C@@H]3O[C@H](C(=O)O)[C@@H](O)[C@H](O)[C@H]3NC(=O)CCCCCCCCC(C)C)Oc3ccc(cc3Cl)[C@@H](O)[C@@H]3NC(=O)[C@H](NC(=O)[C@@H]4NC(=O)[C@@H](NC2=O)c2cc(cc(O)c2Cl)Oc2cc1ccc2O)c1ccc(O)c(c1)-c1c(O[C@H]2O[C@H](CO)[C@@H](O)[C@H](O)[C@@H]2O)cc(O)cc1[C@H](C(=O)NCCCN(C)C)NC3=O,CID144567678
danazol,C#C[C@]1(O)CC[C@H]2[C@@H]3CCC4=Cc5oncc5C[C@]4(C)[C@H]3CC[C@@]21C,CID100002949
dantrolene,O=C1CN(/N=C/c2ccc(-c3ccc([N+](=O)[O-])cc3)o2)C(=O)N1,CID100002951
dapsone,Nc1ccc(S(=O)(=O)c2ccc(N)cc2)cc1,CID100002955
darifenacin,NC(=O)C(c1ccccc1)(c1ccccc1)C1CCN(CCc2ccc3c(c2)CCO3)C1,CID100072054
darunavir,CC(C)CN(C[C@@H](O)[C@H](Cc1ccccc1)NC(=O)O[C@H]1CO[C@H]2OCC[C@H]21)S(=O)(=O)c1ccc(N)cc1,CID100213039
dasatinib,Cc1nc(Nc2ncc(C(=O)Nc3c(C)cccc3Cl)s2)cc(N2CCN(CCO)CC2)n1,CID103062316
deferasirox,O=C1C=CC=C/C1=C1\N/C(=C2/C=CC=CC2=O)N(c2ccc(C(=O)O)cc2)N1,CID105493381
deferiprone,Cc1c(O)c(=O)ccn1C,CID100002972
deferoxamine,CC(=O)N(O)CCCCCNC(=O)CCC(=O)N(O)CCCCCNC(=O)CCC(=O)N(O)CCCCCN,CID100002973
delavirdine,CC(C)Nc1cccnc1N1CCN(C(=O)c2cc3cc(NS(C)(=O)=O)ccc3[nH]2)CC1,CID100005625
demeclocycline,CN(C)[C@@H]1C(=O)/C(=C(\N)O)C(=O)[C@@]2(O)C(=O)C3=C(O)c4c(O)ccc(Cl)c4[C@@H](O)[C@H]3C[C@@H]12,CID151601240
deprenyl,C#CCN(C)[C@H](C)Cc1ccccc1.[Cl-].[H+],CID100005195
desflurane,FC(F)OC(F)C(F)(F)F,CID100042113
desipramine,CNCCCN1c2ccccc2CCc2ccccc21,CID100002995
desloratadine,Clc1ccc2c(c1)CCc1cccnc1C2=C1CCNCC1,CID100124087
desmopressin,NC(=O)CCC1NC(=O)C(Cc2ccccc2)NC(=O)C(Cc2ccc(O)cc2)NC(=O)CCSSCC(C(=O)N2CCCC2C(=O)NC(CCCN=C(N)N)C(=O)NCC(N)=O)NC(=O)C(CC(N)=O)NC1=O,CID100027991
desogestrel,C#C[C@]1(O)CC[C@H]2[C@@H]3CCC4=CCCC[C@@H]4[C@H]3C(=C)C[C@@]21CC,CID100040973
desonide,CC1(C)O[C@@H]2C[C@H]3C4CCC5=CC(=O)C=CC5(C)[C@H]4C(O)CC3(C)[C@]2(C(=O)CO)O1,CID100012536
desoximetasone,C[C@@H]1C[C@H]2[C@@H]3CCC4=CC(=O)C=C[C@]4(C)[C@@]3(F)[C@@H](O)C[C@]2(C)[C@H]1C(=O)CO,CID100003000
desvenlafaxine,CN(C)CC(c1ccc(O)cc1)C1(O)CCCCC1,CID100125017
dexamethasone,C[C@@H]1C[C@H]2[C@@H]3CCC4=CC(=O)C=C[C@]4(C)[C@@]3(F)[C@@H](O)C[C@]2(C)[C@@]1(O)C(=O)CO,CID100002367
dexmedetomidine,Cc1cccc([C@H](C)c2cnc[nH]2)c1C,CID100060612
dexpanthenol,CC(C)(CO)[C@@H](O)C(=O)NCCCO,CID100004678
dexrazoxane,C[C@@H](CN1CC(=O)NC(=O)C1)N1CC(=O)NC(=O)C1,CID100030623
dextran,O=C[C@H](O)[C@@H](O)[C@H](O)[C@H](O)CO[C@H]1O[C@H](CO[C@H]2O[C@H](CO)[C@@H](O)[C@H](O)[C@H]2O)[C@@H](O)[C@H](O)[C@H]1O,CID100102399
dextromethorphan,COc1ccc2c(c1)[C@]13CCCC[C@@H]1[C@H](C2)N(C)CC3,CID100003008
diatrizoate,CC(=O)Nc1c(I)c(NC(C)=O)c(I)c(C(=O)O)c1I.[Na],CID100002140
diazepam,CN1C(=O)CN=C(c2ccccc2)c2cc(Cl)ccc21,CID100003016
diazoxide,CC1=NS(=O)(=O)c2cc(Cl)ccc2N1,CID100003019
dichlorphenamide,NS(=O)(=O)c1cc(Cl)c(Cl)c(S(N)(=O)=O)c1,CID100003038
diclofenac,O=C(O)Cc1ccccc1Nc1c(Cl)cccc1Cl,CID100003032
dicloxacillin,Cc1onc(-c2c(Cl)cccc2Cl)c1C(=O)N[C@@H]1C(=O)N2[C@@H]1SC(C)(C)[C@@H]2C(=O)O,CID100003040
dicyclomine,CCN(CC)CCOC(=O)C1(C2CCCCC2)CCCCC1,CID100003042
didanosine,O=c1nc[nH]c2c1ncn2[C@H]1CC[C@@H](CO)O1,CID100003043
diethylpropion,CCN(CC)C(C)C(=O)c1ccccc1,CID100007029
diflunisal,O=C(O)c1cc(-c2ccc(F)cc2F)ccc1O,CID100003059
digoxin,C[C@H]1O[C@@H](O[C@H]2[C@@H](O)C[C@H](O[C@H]3[C@@H](O)C[C@H](O[C@H]4CC[C@@]5(C)[C@H](CC[C@@H]6[C@@H]5C[C@@H](O)[C@]5(C)[C@@H](C7=CC(=O)OC7)CC[C@]65O)C4)O[C@@H]3C)O[C@@H]2C)C[C@H](O)[C@@H]1O,CID100003062
dihydrocodeine,COc1ccc2c3c1O[C@H]1[C@@H](O)CC[C@H]4[C@@H](C2)N(C)CC[C@@]341,CID100003063
dihydroergotamine,CN1C[C@H](C(=O)N[C@]2(C)O[C@@]3(O)[C@@H]4CCCN4C(=O)[C@H](Cc4ccccc4)N3C2=O)C[C@@H]2c3cccc4[nH]cc(c34)C[C@H]21,CID100003066
diltiazem,COc1ccc([C@@H]2Sc3ccccc3N(CCN(C)C)C(=O)[C@@H]2OC(C)=O)cc1,CID100003075
dimercaprol,OCC(S)CS,CID100003080
diphenhydramine,CN(C)CCOC(c1ccccc1)c1ccccc1,CID100003100
dipivefrin,CNCC(O)c1ccc(OC(=O)C(C)(C)C)c(OC(=O)C(C)(C)C)c1,CID100003105
dipyridamole,OCCN(CCO)c1nc(N2CCCCC2)c2nc(N(CCO)CCO)nc(N3CCCCC3)c2n1,CID100003108
disopyramide,CC(C)N(CCC(C(N)=O)(c1ccccc1)c1ccccn1)C(C)C,CID100003114
disulfiram,CCN(CC)C(=S)SSC(=S)N(CC)CC,CID100003117
dobutamine,CC(CCc1ccc(O)cc1)NCCc1ccc(O)c(O)c1,CID100036811
docetaxel,CC(=O)O[C@@]12CO[C@@H]1C[C@H](O)[C@@]1(C)C(=O)[C@H](O)C3=C(C)[C@@H](OC(=O)[C@H](O)[C@@H](NC(=O)OC(C)(C)C)c4ccccc4)C[C@@](O)([C@@H](OC(=O)c4ccccc4)[C@H]21)C3(C)C,CID100003143
dofetilide,CN(CCOc1ccc(NS(C)(=O)=O)cc1)CCc1ccc(NS(C)(=O)=O)cc1,CID100071329
dolasetron,O=C(OC1CC2CC3CC(C1)N2CC3=O)c1c[nH]c2ccccc12,CID100003148
domperidone,O=c1[nH]c2ccccc2n1CCCN1CCC(n2c(=O)[nH]c3cc(Cl)ccc32)CC1,CID100003151
donepezil,COc1cc2c(cc1OC)C(=O)C(CC1CCN(Cc3ccccc3)CC1)C2.[Cl-].[H+],CID100003152
dopamine,NCCc1ccc(O)c(O)c1,CID100000681
doripenem,C[C@@H](O)[C@H]1C(=O)N2C(C(=O)O)=C(S[C@@H]3CN[C@H](CNS(N)(=O)=O)C3)[C@H](C)[C@H]12,CID100073303
dorzolamide,CCN[C@H]1C[C@H](C)S(=O)(=O)c2sc(S(N)(=O)=O)cc21,CID100003154
dothiepin,CN(C)CC/C=C1/c2ccccc2CSc2ccccc21,CID100003155
doxapram,CCN1CC(CCN2CCOCC2)C(c2ccccc2)(c2ccccc2)C1=O,CID100003156
doxazosin,COc1cc2nc(N3CCN(C(=O)C4COc5ccccc5O4)CC3)nc(N)c2cc1OC,CID100003157
doxepin,CN(C)CC/C=C1/c2ccccc2COc2ccccc21.[Cl-].[H+],CID100003158
doxercalciferol,C=C1/C(=C\C=C2/CCC[C@]3(C)[C@@H]([C@H](C)/C=C/[C@H](C)C(C)C)CC[C@@H]23)C[C@@H](O)C[C@@H]1O,CID104479094
doxorubicin,COc1cccc2c1C(=O)c1c(O)c3c(c(O)c1C2=O)C[C@@](O)(C(=O)CO)C[C@@H]3O[C@H]1C[C@H](N)[C@H](O)[C@H](C)O1,CID100001690
doxycycline,C[C@H]1c2cccc(O)c2C(O)=C2C(=O)[C@]3(O)C(=O)/C(=C(/N)O)C(=O)[C@@H](N(C)C)[C@@H]3[C@@H](O)[C@@H]21.O,CID100062305
droperidol,O=C(CCCN1CC=C(n2c(=O)[nH]c3ccccc32)CC1)c1ccc(F)cc1,CID100003168
duloxetine,CNCCC(Oc1cccc2ccccc12)c1cccs1,CID100060834
dutasteride,C[C@]12C=CC(=O)N[C@@H]1CC[C@@H]1[C@@H]2CC[C@]2(C)[C@@H](C(=O)Nc3cc(C(F)(F)F)ccc3C(F)(F)F)CC[C@@H]12,CID100152945
dyphylline,Cn1c(=O)c2c(ncn2CC(O)CO)n(C)c1=O,CID100003182
echothiophate,CCOP(=O)(OCC)SCC[N+](C)(C)C.[I-],CID100010547
econazole,Clc1ccc(COC(Cn2ccnc2)c2ccc(Cl)cc2Cl)cc1,CID100003198
efavirenz,O=C1Nc2ccc(Cl)cc2[C@@](C#CC2CC2)(C(F)(F)F)O1,CID100003203
eletriptan,CN1CCC[C@@H]1Cc1c[nH]c2ccc(CCS(=O)(=O)c3ccccc3)cc12,CID100077993
eltrombopag,Cc1ccc(-n2[nH]c(C)c(N/N=C3\C=CC=C(c4cccc(C(=O)O)c4)C3=O)c2=O)cc1C,CID109846180
emedastine,CCOCCn1c(N2CCCN(C)CC2)nc2ccccc21,CID100003219
emtricitabine,Nc1nc(=O)n([C@@H]2CS[C@H](CO)O2)cc1F,CID100060877
enflurane,FC(F)OC(F)(F)C(F)Cl,CID100003226
entacapone,CCN(CC)C(=O)/C(C#N)=C/c1cc(O)c(O)c([N+](=O)[O-])c1,CID104659568
entecavir,C=C1C(n2cnc3c(=O)nc(N)[nH]c32)C[C@H](O)[C@H]1CO.O,CID100153941
ephedrine,CN[C@@H](C)[C@H](O)c1ccccc1,CID100005032
epinastine,NC1=NCC2c3ccccc3Cc3ccccc3N12,CID100003241
epinephrine,CNC[C@H](O)c1ccc(O)c(O)c1,CID100000838
eplerenone,COC(=O)[C@@H]1CC2=CC(=O)CC[C@]2(C)[C@@]23O[C@@H]2C[C@@]2(C)[C@@H](CC[C@@]24CCC(=O)O4)[C@H]13,CID100150310
eprosartan,CCCCc1ncc(/C=C(\Cc2cccs2)C(=O)O)n1Cc1ccc(C(=O)O)cc1,CID100060878
ergonovine,C[C@@H](CO)NC(=O)[C@@H]1C=C2c3cccc4[nH]cc(c34)C[C@H]2N(C)C1,CID100003250
ergotamine,CN1C[C@H](C(=O)N[C@]2(C)O[C@@]3(O)[C@@H]4CCCN4C(=O)[C@H](Cc4ccccc4)N3C2=O)C=C2c3cccc4[nH]cc(c34)C[C@H]21,CID100003251
erlotinib,C#Cc1cccc(Nc2ncnc3cc(OCCOC)c(OCCOC)cc23)c1.[Cl-].[H+],CID100176870
ertapenem,C[C@@H](O)[C@H]1C(=O)N2C(C(=O)O)=C(S[C@@H]3CN[C@H](C(=O)Nc4cccc(C(=O)O)c4)C3)[C@H](C)[C@H]12,CID100150610
erythromycin,CC[C@H]1OC(=O)[C@H](C)[C@@H](O[C@H]2C[C@@](C)(OC)[C@@H](O)[C@H](C)O2)[C@H](C)[C@@H](O[C@@H]2O[C@H](C)C[C@H](N(C)C)[C@H]2O)[C@](C)(O)C[C@@H](C)C(=O)[C@H](C)[C@@H](O)[C@]1(C)O,CID100003255
esmolol,COC(=O)CCc1ccc(OCC(O)CNC(C)C)cc1,CID100059768
estazolam,Clc1ccc2c(c1)C(c1ccccc1)=NCc1nncn1-2,CID100003261
estradiol,C[C@]12CC[C@@H]3c4ccc(O)cc4CC[C@H]3[C@@H]1CC[C@@H]2O,CID100000450
estramustine,C[C@]12CC[C@@H]3c4ccc(OC(=O)N(CCCl)CCCl)cc4CC[C@H]3[C@@H]1CC[C@@H]2O,CID100003268
estriol,C[C@]12CC[C@@H]3c4ccc(O)cc4CC[C@H]3[C@@H]1C[C@@H](O)[C@@H]2O,CID100003269
estrone,C[C@]12CC[C@@H]3c4ccc(O)cc4CC[C@H]3[C@@H]1CCC2=O,CID100000698
ethambutol,CC[C@@H](CO)NCCN[C@@H](CC)CO,CID100003279
ethionamide,CCc1cc(C(N)=S)ccn1,CID102761171
ethosuximide,CCC1(C)CC(=O)NC1=O,CID100003291
ethotoin,CCN1C(=O)NC(c2ccccc2)C1=O,CID100003292
etidronate,CC(O)(P(=O)(O)O)P(=O)(O)O,CID100003305
etodolac,CCc1cccc2c3c([nH]c12)C(CC)(CC(=O)O)OCC3,CID100003308
etomidate,CCOC(=O)c1cncn1C(C)c1ccccc1,CID100036339
etoposide,COc1cc([C@@H]2c3cc4c(cc3[C@@H](O[C@@H]3O[C@@H]5CO[C@@H](C)O[C@H]5[C@H](O)[C@H]3O)C3COC(=O)[C@@H]32)OCO4)cc(OC)c1O,CID100003310
etoricoxib,Cc1ccc(-c2ncc(Cl)cc2-c2ccc(S(C)(=O)=O)cc2)cn1,CID100123619
etravirine,Cc1cc(C#N)cc(C)c1Oc1nc(Nc2ccc(C#N)cc2)nc(N)c1Br,CID100193962
everolimus,CO[C@H]1C[C@@H]2CC[C@@H](C)[C@@](O)(O2)C(=O)C(=O)N2CCCC[C@H]2C(=O)O[C@H]([C@H](C)C[C@@H]2CC[C@@H](OCCO)[C@H](OC)C2)CC(=O)[C@H](C)/C=C(/C)[C@@H](O)[C@@H](OC)C(=O)[C@H](C)C[C@H](C)/C=C/C=C\C=C\1C,CID106442177
exemestane,C=C1C[C@@H]2[C@H](CC[C@]3(C)C(=O)CC[C@@H]23)[C@@]2(C)C=CC(=O)C=C12,CID100060198
ezetimibe,O=C1[C@H](CC[C@H](O)c2ccc(F)cc2)[C@@H](c2ccc(O)cc2)N1c1ccc(F)cc1,CID100150311
famciclovir,CC(=O)OCC(CCn1cnc2cnc(N)nc21)COC(C)=O,CID100003324
famotidine,NC(N)=Nc1nc(CSCCC(N)=NS(N)(=O)=O)cs1,CID100003325
febuxostat,Cc1nc(-c2ccc(OCC(C)C)c(C#N)c2)sc1C(=O)O,CID100134018
felbamate,NC(=O)OCC(COC(N)=O)c1ccccc1,CID100003331
felodipine,CCOC(=O)C1=C(C)NC(C)=C(C(=O)OC)C1c1cccc(Cl)c1Cl,CID100003333
fenofibrate,CC(C)OC(=O)C(C)(C)Oc1ccc(C(=O)c2ccc(Cl)cc2)cc1,CID100003339
fenoldopam,Oc1ccc(C2CNCCc3c2cc(O)c(O)c3Cl)cc1,CID100003340
fenoprofen,CC(C(=O)O)c1cccc(Oc2ccccc2)c1,CID100003342
fentanyl,CCC(=O)N(c1ccccc1)C1CCN(CCc2ccccc2)CC1,CID100003345
fexofenadine,CC(C)(C(=O)O)c1ccc(C(O)CCCN2CCC(C(O)(c3ccccc3)c3ccccc3)CC2)cc1,CID100003348
finasteride,CC(C)(C)NC(=O)[C@H]1CC[C@H]2[C@@H]3CC[C@H]4NC(=O)C=C[C@]4(C)[C@H]3CC[C@]12C,CID100003350
flavoxate,Cc1c(-c2ccccc2)oc2c(C(=O)OCCN3CCCCC3)cccc2c1=O,CID100003354
flecainide,O=C(NCC1CCCCN1)c1cc(OCC(F)(F)F)ccc1OCC(F)(F)F,CID100003355
flucloxacillin,Cc1onc(-c2c(F)cccc2Cl)c1C(=O)N[C@@H]1C(=O)N2[C@@H]1SC(C)(C)[C@@H]2C(=O)O,CID100003364
fluconazole,OC(Cn1cncn1)(Cn1cncn1)c1ccc(F)cc1F,CID100003365
fludarabine,Nc1nc(F)nc2c1ncn2[C@@H]1O[C@H](CO)[C@@H](O)[C@@H]1O,CID100003367
fludrocortisone,C[C@]12CCC(=O)C=C1CC[C@H]1[C@@H]3CC[C@](O)(C(=O)CO)[C@@]3(C)C[C@H](O)[C@@]12F,CID100003370
flumazenil,CCOC(=O)c1ncn2c1CN(C)C(=O)c1cc(F)ccc1-2,CID100003373
flumethasone,C[C@@H]1C[C@H]2[C@@H]3C[C@H](F)C4=CC(=O)C=C[C@]4(C)[C@@]3(F)[C@@H](O)C[C@]2(C)[C@@]1(O)C(=O)CO,CID100003375
flunisolide,CC1(C)O[C@@H]2CC3[C@@H]4C[C@H](F)C5=CC(=O)C=CC5(C)[C@H]4[C@@H](O)C[C@]3(C)[C@]2(C(=O)CO)O1.CC1(C)O[C@@H]2CC3[C@@H]4C[C@H](F)C5=CC(=O)C=CC5(C)[C@H]4[C@@H](O)C[C@]3(C)[C@]2(C(=O)CO)O1.O,CID100003379
flunitrazepam,CN1C(=O)CN=C(c2ccccc2F)c2cc([N+](=O)[O-])ccc21,CID100003380
fluocinolone,C[C@]12C=CC(=O)C=C1[C@@H](F)C[C@H]1[C@@H]3C[C@@H](O)[C@](O)(C(=O)CO)[C@@]3(C)C[C@H](O)[C@@]12F,CID100003381
fluocinonide,CC(=O)OCC(=O)[C@@]12OC(C)(C)O[C@@H]1C[C@H]1[C@@H]3C[C@H](F)C4=CC(=O)C=C[C@]4(C)[C@@]3(F)[C@@H](O)C[C@@]12C,CID100003382
fluorescein,O=C1OC2(c3ccc(O)cc3Oc3cc(O)ccc32)c2ccccc21,CID100016850
fluorometholone,CC(=O)[C@@]1(O)CC[C@H]2[C@@H]3C[C@H](C)C4=CC(=O)C=C[C@]4(C)[C@@]3(F)[C@@H](O)C[C@@]21C,CID100003384
fluoxetine,CNCCC(Oc1ccc(C(F)(F)F)cc1)c1ccccc1,CID100003386
fluoxymesterone,C[C@]1(O)CC[C@H]2[C@@H]3CCC4=CC(=O)CC[C@]4(C)[C@@]3(F)[C@@H](O)C[C@@]21C,CID100003387
fluphenazine,OCCN1CCN(CCCN2c3ccccc3Sc3ccc(C(F)(F)F)cc32)CC1,CID100003372
flurandrenolone,CC1(C)O[C@@H]2C[C@H]3[C@@H]4C[C@H](F)C5=CC(=O)CC[C@]5(C)[C@H]4[C@@H](O)C[C@]3(C)[C@]2(C(=O)CO)O1,CID100003392
flurazepam,CCN(CC)CCN1C(=O)CN=C(c2ccccc2F)c2cc(Cl)ccc21,CID100003393
flurbiprofen,CC(C(=O)O)c1ccc(-c2ccccc2)c(F)c1,CID100003394
flutamide,CC(C)C(=O)Nc1ccc([N+](=O)[O-])c(C(F)(F)F)c1,CID100003397
fluvastatin,CC(C)n1c(/C=C/[C@@H](O)C[C@H](O)CC(=O)O)c(-c2ccc(F)cc2)c2ccccc21,CID100003403
fluvoxamine,COCCCC/C(=N\OCCN)c1ccc(C(F)(F)F)cc1.O=C(O)/C=C\C(=O)O,CID100003404
folate,Nc1nc2ncc(CNc3ccc(C(=O)N[C@@H](CCC(=O)[O-])C(=O)O)cc3)nc2c(=O)[nH]1,CID100003405
formoterol,COc1ccc(CC(C)NCC(O)c2ccc(O)c(NC=O)c2)cc1,CID100003410
fosamprenavir,CC(C)CN(C[C@@H](OP(=O)(O)O)[C@H](Cc1ccccc1)NC(=O)O[C@H]1CCOC1)S(=O)(=O)c1ccc(N)cc1,CID100131535
foscarnet,O.O=C([O-])P(=O)([O-])[O-].[Na+].[Na+].[Na+],CID100003414
fosfomycin,C[C@@H]1O[C@@H]1P(=O)(O)O,CID100003417
fosinopril,CCC(=O)OC(OP(=O)(CCCCc1ccccc1)CC(=O)N1C[C@H](C2CCCCC2)C[C@H]1C(=O)O)C(C)C,CID100003419
fosphenytoin,O=C1NC(c2ccccc2)(c2ccccc2)C(=O)N1COP(=O)(O)O,CID100056338
fotemustine,CCOP(=O)(OCC)C(C)NC(=O)N(CCCl)N=O,CID100104799
frovatriptan,CN[C@@H]1CCc2[nH]c3ccc(C(N)=O)cc3c2C1,CID100077992
furosemide,NS(=O)(=O)c1cc(C(=O)O)c(NCc2ccco2)cc1Cl,CID100003440
gabapentin,NCC1(CC(=O)O)CCCCC1,CID100003446
gadobutrol,O=C([O-])CN1CCN(CC(=O)[O-])CCN([C@H](CO)[C@H](O)CO)CCN(CC(=O)[O-])CC1.[Ga+3],CID106102852
gadodiamide,CNC(=O)CN(CCN(CCN(CC(=O)[O-])CC(=O)NC)CC(=O)[O-])CC(=O)[O-].O.[Gd+3],CID100060754
gadoteridol,CC(O)CN1CCN(CC(=O)[O-])CCN(CC(=O)[O-])CCN(CC(=O)[O-])CC1.[Gd+3],CID100060714
galantamine,COc1ccc2c3c1O[C@H]1C[C@@H](O)C=C[C@@]31CCN(C)C2,CID100003449
ganciclovir,Nc1nc(=O)c2ncn(COC(CO)CO)c2[nH]1,CID100003454
gatifloxacin,COc1c(N2CCNC(C)C2)c(F)cc2c(=O)c(C(=O)O)cn(C3CC3)c12,CID100005379
gefitinib,COc1cc2ncnc(Nc3ccc(F)c(Cl)c3)c2cc1OCCCN1CCOCC1,CID100123631
gemcitabine,Nc1ccn([C@@H]2O[C@H](CO)[C@@H](O)C2(F)F)c(=O)n1,CID100003461
gemeprost,CCCCC(C)(C)[C@H](O)/C=C/[C@H]1[C@H](O)CC(=O)[C@@H]1CCCC/C=C/C(=O)OC,CID100003462
gemfibrozil,Cc1ccc(C)c(OCCCC(C)(C)C(=O)O)c1,CID100003463
gemifloxacin,CO/N=C1\CN(c2nc3c(cc2F)c(=O)c(C(=O)O)cn3C2CC2)CC1CN,CID100072938
gentamicin,CNC(C)C1CCC(N)C(OC2C(N)CC(N)C(OC3OCC(C)(O)C(NC)C3O)C2O)O1,CID100003467
glibenclamide,COc1ccc(Cl)cc1C(=O)NCCc1ccc(S(=O)(=O)NC(=O)NC2CCCCC2)cc1,CID100003488
gliclazide,Cc1ccc(S(=O)(=O)NC(=O)NN2CC3CCCC3C2)cc1,CID100003475
glimepiride,CCC1=C(C)CN(C(=O)NCCc2ccc(S(=O)(=O)NC(=O)NC3CCC(C)CC3)cc2)C1=O,CID100003476
glipizide,Cc1cnc(C(=O)NCCc2ccc(S(=O)(=O)NC(=O)NC3CCCCC3)cc2)cn1,CID100003478
glucose,O=C[C@H](O)[C@@H](O)[C@H](O)[C@H](O)CO,CID100000206
glutamine,NC(=O)CC[C@H](N)C(=O)O,CID100000738
glycerol,OCC(O)CO,CID100000753
glycine,NCC(=O)O,CID100000750
glycopyrrolate,C[N+]1(C)CCC(OC(=O)C(O)(c2ccccc2)C2CCCC2)C1.[Br-],CID100003494
gold,[Au],CID100022318
gonadorelin,CC(C)CC(NC(=O)CNC(=O)C(Cc1ccc(O)cc1)NC(=O)C(CO)NC(=O)C(Cc1c[nH]c2ccccc12)NC(=O)C(Cc1cnc[nH]1)NC(=O)C1CCC(=O)N1)C(=O)NC(CCCN=C(N)N)C(=O)N1CCCC1C(=O)NCC(N)=O,CID100036523
granisetron,CN1[C@@H]2CCC[C@H]1CC(NC(=O)c1nn(C)c3ccccc13)C2,CID100003510
griseofulvin,COc1cc(OC)c2c(c1Cl)O[C@]1(C2=O)C(OC)CC(=O)C[C@H]1C,CID100003512
guaifenesin,COc1ccccc1OCC(O)CO,CID100003516
guanfacine,NC(N)=NC(=O)Cc1c(Cl)cccc1Cl,CID100003519
halcinonide,CC1(C)O[C@@H]2C[C@H]3[C@@H]4CCC5=CC(=O)CC[C@]5(C)[C@@]4(F)[C@@H](O)C[C@]3(C)[C@]2(C(=O)CCl)O1,CID100003553
halofantrine,CCCCN(CCCC)CCC(O)c1cc2c(Cl)cc(Cl)cc2c2cc(C(F)(F)F)ccc12,CID100037392
haloperidol,O=C(CCCN1CCC(O)(c2ccc(Cl)cc2)CC1)c1ccc(F)cc1,CID100003559
heparin,CC(=O)NC1C(O)OC(COS(=O)(=O)O)C(OC2OC(C(=O)O)C(OC3OC(CO)C(OC4OC(C(=O)O)C(O)C(O)C4OS(=O)(=O)O)C(OS(=O)(=O)O)C3NS(=O)(=O)O)C(O)C2OS(=O)(=O)O)C1O,CID153477714
hexachlorophene,Oc1c(Cl)cc(Cl)c(Cl)c1Cc1c(O)c(Cl)cc(Cl)c1Cl,CID100003598
hexamethylmelamine,CN(C)c1nc(N(C)C)nc(N(C)C)n1,CID100002123
histamine,NCCc1c[nH]cn1,CID100000774
homatropine,CN1C2CCC1CC(OC(=O)C(O)c1ccccc1)C2,CID100003623
hydralazine,NNc1nncc2ccccc12,CID100003637
hydrochlorothiazide,NS(=O)(=O)c1cc2c(cc1Cl)NCNS2(=O)=O,CID100003639
hydrocodone,COc1ccc2c3c1O[C@H]1C(=O)CC[C@H]4[C@@H](C2)N(C)CC[C@]314,CID100022258
hydrocortisone,C[C@]12CCC(=O)C=C1CC[C@@H]1[C@@H]2[C@@H](O)C[C@@]2(C)[C@H]1CC[C@]2(O)C(=O)CO,CID100003642
hydroflumethiazide,NS(=O)(=O)c1cc2c(cc1C(F)(F)F)NCNS2(=O)=O,CID100003647
hydromorphone,CN1CC[C@]23c4c5ccc(O)c4O[C@H]2C(=O)CC[C@H]3[C@H]1C5,CID100003648
hydroxybutyrate,CCCC(=O)OO,CID100010413
hydroxychloroquine,CCN(CCO)CCCC(C)Nc1ccnc2cc(Cl)ccc12,CID100003652
hydroxyurea,NC(=O)NO,CID100003657
hydroxyzine,OCCOCCN1CCN(C(c2ccccc2)c2ccc(Cl)cc2)CC1,CID100003658
ibandronate,CCCCCN(C)CCC(O)(P(=O)(O)O)P(=O)(O)O,CID100060852
ibuprofen,CC(C)Cc1ccc(C(C)C(=O)O)cc1,CID100003672
ibutilide,CCCCCCCN(CC)CCCC(O)c1ccc(NS(C)(=O)=O)cc1,CID100060752
idarubicin,CC(=O)[C@]1(O)Cc2c(O)c3c(c(O)c2[C@@H](O[C@H]2C[C@H](N)[C@H](O)[C@H](C)O2)C1)C(=O)c1ccccc1C3=O,CID100003685
ifosfamide,O=P1(NCCCl)OCCCN1CCCl,CID100003690
iloprost,CC#CCC(C)[C@H](O)/C=C/C1[C@H](O)C[C@@H]2C/C(=C\CCCC(=O)O)C[C@H]12,CID100054313
imatinib,Cc1ccc(NC(=O)c2ccc(CN3CCN(C)CC3)cc2)cc1Nc1nccc(-c2cccnc2)n1,CID100005291
imipramine,CN(C)CCCN1c2ccccc2CCc2ccccc21,CID100003696
imiquimod,CC(C)Cn1cnc2c(N)nc3ccccc3c21,CID100057469
indacaterol,CCc1cc2c(cc1CC)CC(NCC(O)c1ccc(O)c3[nH]c(=O)ccc13)C2,CID106433117
indapamide,CC1Cc2ccccc2N1NC(=O)c1ccc(Cl)c(S(N)(=O)=O)c1,CID100003702
indinavir,CC(C)(C)NC(=O)[C@@H]1CN(Cc2cccnc2)CCN1C[C@@H](O)C[C@@H](Cc1ccccc1)C(=O)N[C@H]1c2ccccc2C[C@H]1O,CID100003706
indomethacin,COc1ccc2c(c1)c(CC(=O)O)c(C)n2C(=O)c1ccc(Cl)cc1,CID100003715
insulin,CC[C@H](C)[C@H](NC(=O)CN)C(=O)N[C@H](C(=O)N[C@@H](CCC(=O)O)C(=O)N[C@@H](CCC(N)=O)C(=O)N[C@H]1CSSC[C@@H]2NC(=O)[C@H]([C@@H](C)CC)NC(=O)[C@H](CO)NC(=O)[C@H]([C@@H](C)O)NC(=O)[C@H](CSSC[C@H](NC(=O)[C@H](CC(C)C)NC(=O)[C@H](Cc3cnc[nH]3)NC(=O)[C@H](CCC(N)=O)NC(=O)[C@H](CC(N)=O)NC(=O)[C@@H](NC(=O)[C@@H](N)Cc3ccccc3)C(C)C)C(=O)NCC(=O)N[C@@H](CO)C(=O)N[C@@H](Cc3cnc[nH]3)C(=O)N[C@@H](CC(C)C)C(=O)N[C@@H](C(C)C)C(=O)N[C@@H](CCC(=O)O)C(=O)N[C@@H](C)C(=O)N[C@@H](CC(C)C)C(=O)N[C@@H](Cc3ccc(O)cc3)C(=O)N[C@@H](CC(C)C)C(=O)N[C@@H](C(C)C)C(=O)N[C@H](C(=O)NCC(=O)N[C@@H](CCC(=O)O)C(=O)N[C@@H](CCCNC(=N)N)C(=O)NCC(=O)N[C@@H](Cc3ccccc3)C(=O)N[C@@H](Cc3ccccc3)C(=O)N[C@@H](Cc3ccc(O)cc3)C(=O)N[C@H](C(=O)N3CCC[C@H]3C(=O)N[C@@H](CCCCN)C(=O)N[C@H](C(=O)O)[C@@H](C)O)[C@@H](C)O)CSSC[C@@H](C(=O)N[C@@H](CC(N)=O)C(=O)O)NC(=O)[C@H](Cc3ccc(O)cc3)NC(=O)[C@H](CC(N)=O)NC(=O)[C@H](CCC(=O)O)NC(=O)[C@H](CC(C)C)NC(=O)[C@H](CCC(N)=O)NC(=O)[C@H](Cc3ccc(O)cc3)NC(=O)[C@H](CC(C)C)NC(=O)[C@H](CO)NC2=O)NC1=O)C(C)C,CID116137271
iodipamide,O=C(CCCCC(=O)Nc1c(I)cc(I)c(C(=O)O)c1I)Nc1c(I)cc(I)c(C(=O)O)c1I,CID100003739
iodixanol,CC(=O)N(CC(O)CN(C(C)=O)c1c(I)c(C(=O)NCC(O)CO)c(I)c(C(=O)NCC(O)CO)c1I)c1c(I)c(C(=O)NCC(O)CO)c(I)c(C(=O)NCC(O)CO)c1I,CID100003724
iohexol,CC(=O)N(CC(O)CO)c1c(I)c(C(=O)NCC(O)CO)c(I)c(C(=O)NCC(O)CO)c1I,CID100003730
iopamidol,CC(O)C(=O)Nc1c(I)c(C(=O)NC(CO)CO)c(I)c(C(=O)NC(CO)CO)c1I,CID100003734
iopromide,COCC(=O)Nc1c(I)c(C(=O)NCC(O)CO)c(I)c(C(=O)N(C)CC(O)CO)c1I,CID100003736
iotrolan,CN(C(=O)CC(=O)N(C)c1c(I)c(C(=O)NC(CO)C(O)CO)c(I)c(C(=O)NC(CO)C(O)CO)c1I)c1c(I)c(C(=O)NC(CO)C(O)CO)c(I)c(C(=O)NC(CO)C(O)CO)c1I,CID100003738
ioversol,O=C(NCC(O)CO)c1c(I)c(C(=O)NCC(O)CO)c(I)c(N(CCO)C(=O)CO)c1I,CID100003741
ioxilan,CC(=O)N(CC(O)CO)c1c(I)c(C(=O)NCCO)c(I)c(C(=O)NCC(O)CO)c1I,CID100003743
irbesartan,CCCCC1=NC2(CCCC2)C(=O)N1Cc1ccc(-c2ccccc2-c2nn[nH]n2)cc1,CID100003749
irinotecan,CCc1c2c(nc3ccc(OC(=O)N4CCC(N5CCCCC5)CC4)cc13)-c1cc3c(c(=O)n1C2)COC(=O)[C@]3(O)CC,CID100003750
iron,[Fe],CID106850789
isocarboxazid,Cc1cc(C(=O)NNCc2ccccc2)no1,CID100003759
isoflurane,FC(F)OC(Cl)C(F)(F)F,CID100003763
isoniazid,NNC(=O)c1ccncc1,CID100003767
isoproterenol,CC(C)NCC(O)c1ccc(O)c(O)c1,CID100003779
isosorbide,O[C@@H]1CO[C@H]2[C@@H]1OC[C@@H]2O,CID100003780
isosorbide-5-mononitrate,O=[N+]([O-])O[C@@H]1CO[C@H]2[C@@H]1OC[C@@H]2O,CID100027661
isoxsuprine,CC(COc1ccccc1)NC(C)C(O)c1ccc(O)cc1,CID100003783
isradipine,COC(=O)C1=C(C)NC(C)=C(C(=O)OC(C)C)C1c1cccc2nonc12,CID100003784
itraconazole,CCC(C)n1ncn(-c2ccc(N3CCN(c4ccc(OC[C@H]5CO[C@](Cn6cncn6)(c6ccc(Cl)cc6Cl)O5)cc4)CC3)cc2)c1=O,CID100003793
ivabradine,COc1cc2c(cc1OC)CC(=O)N(CCCN(C)C[C@H]1Cc3cc(OC)c(OC)cc31)CC2,CID100132999
ivermectin,CCC(C)[C@H]1O[C@]2(CC[C@@H]1C)C[C@@H]1C[C@@H](C/C=C(\C)[C@@H](O[C@H]3C[C@H](OC)[C@@H](O[C@H]4C[C@H](OC)[C@@H](O)[C@H](C)O4)[C@H](C)O3)[C@@H](C)/C=C/C=C3\CO[C@@H]4[C@H](O)C(C)=C[C@@H](C(=O)O1)[C@]34O)O2.CO[C@H]1C[C@H](O[C@H]2[C@H](C)O[C@@H](O[C@@H]3/C(C)=C/C[C@@H]4C[C@@H](C[C@]5(CC[C@H](C)[C@@H](C(C)C)O5)O4)OC(=O)[C@@H]4C=C(C)[C@@H](O)[C@H]5OC/C(=C\C=C\[C@@H]3C)[C@]54O)C[C@@H]2OC)O[C@@H](C)[C@@H]1O,CID106435110
ixabepilone,C/C(=C\c1csc(C)n1)[C@@H]1C[C@@H]2O[C@]2(C)CCC[C@H](C)[C@H](O)[C@@H](C)C(=O)C(C)(C)[C@@H](O)CC(=O)N1,CID106445540
kanamycin,NCC1OC(OC2C(N)CC(N)C(OC3OC(CO)C(O)C(N)C3O)C2O)C(O)C(O)C1O,CID100000815
ketamine,CNC1(c2ccccc2Cl)CCCCC1=O,CID100003821
ketoconazole,CC(=O)N1CCN(c2ccc(OC[C@H]3CO[C@](Cn4ccnc4)(c4ccc(Cl)cc4Cl)O3)cc2)CC1,CID100003823
ketoprofen,CC(C(=O)O)c1cccc(C(=O)c2ccccc2)c1,CID100003825
ketorolac,O=C(c1ccccc1)c1ccc2n1CCC2C(=O)O,CID100003826
ketotifen,CN1CCC(=C2c3ccccc3CC(=O)c3sccc32)CC1,CID100003827
labetalol,CC(CCc1ccccc1)NCC(O)c1ccc(O)c(C(N)=O)c1,CID100003869
lacosamide,COC[C@@H](NC(C)=O)C(=O)NCc1ccccc1,CID100219078
lactate,CC(O)C(=O)[O-],CID100000612
lactulose,OC[C@H]1O[C@@H](O[C@@H]2[C@@H](CO)O[C@](O)(CO)[C@H]2O)[C@H](O)[C@@H](O)[C@H]1O,CID100003872
lamivudine,Nc1ccn([C@@H]2CS[C@H](CO)O2)c(=O)n1,CID100003877
lamotrigine,Nc1nnc(-c2cccc(Cl)c2Cl)c(N)n1,CID100003878
lanreotide,CC(C)C1NC(=O)C(CCCCN)NC(=O)C(Cc2c[nH]c3ccccc23)NC(=O)C(Cc2ccc(O)cc2)NC(=O)C(NC(=O)C(N)Cc2ccc3ccccc3c2)CSSCC(C(=O)NC(C(N)=O)C(C)O)NC1=O,CID100071348
lansoprazole,Cc1c(OCC(F)(F)F)ccnc1CS(=O)c1nc2ccccc2[nH]1,CID100003883
lanthanum,[La],CID100023926
lapatinib,CS(=O)(=O)CCNCc1ccc(-c2ccc3ncnc(Nc4ccc(OCc5cccc(F)c5)c(Cl)c4)c3c2)o1,CID100208908
latanoprost,CC(C)OC(=O)CCC/C=C/C[C@@H]1[C@@H](CC[C@@H](O)CCc2ccccc2)[C@H](O)C[C@@H]1O,CID100003890
leflunomide,Cc1oncc1C(=O)Nc1ccc(C(F)(F)F)cc1,CID100003899
lenalidomide,Nc1cccc2c1CN(C1CCC(=O)NC1=O)C2=O,CID100216326
lercanidipine,COC(=O)C1=C(C)NC(C)=C(C(=O)OC(C)(C)CN(C)CCC(c2ccccc2)c2ccccc2)C1c1cccc([N+](=O)[O-])c1,CID100065866
letrozole,N#Cc1ccc(C(c2ccc(C#N)cc2)n2cncn2)cc1,CID100003902
leucovorin,Nc1nc(=O)c2c([nH]1)NCC(CNc1ccc(C(=O)NC(CCC(=O)O)C(=O)O)cc1)N2C=O.O.[Ca],CID100000143
levetiracetam,CC[C@@H](C(N)=O)N1CCCC1=O,CID100059708
levobunolol,CC(C)(C)NC[C@H](O)COc1cccc2c1CCCC2=O,CID100003914
levocabastine,C[C@@H]1CN(C2CCC(C#N)(c3ccc(F)cc3)CC2)CC[C@]1(C(=O)O)c1ccccc1,CID100003915
levomepromazine,COc1ccc2c(c1)N(C[C@H](C)CN(C)C)c1ccccc1S2,CID100003916
levonorgestrel,C#C[C@]1(O)CC[C@H]2[C@@H]3CCC4=CC(=O)CC[C@@H]4[C@H]3CC[C@@]21CC,CID100004542
levosimendan,C[C@@H]1CC(=O)NN=C1c1ccc(NN=C(C#N)C#N)cc1,CID100060867
lidocaine,CCN(CC)CC(=O)Nc1c(C)cccc1C,CID100003676
lincomycin,CCCC1CC(C(=O)NC(C(C)O)C2OC(SC)C(O)C(O)C2O)N(C)C1,CID100003928
lindane,ClC1C(Cl)C(Cl)C(Cl)C(Cl)C1Cl,CID100000727
linezolid,CC(=O)NC[C@H]1CN(c2ccc(N3CCOCC3)c(F)c2)C(=O)O1,CID100003929
lisuride,CCN(CC)C(=O)N[C@H]1C=C2c3cccc4[nH]cc(c34)C[C@H]2N(C)C1,CID100003938
lithium,[Li],CID100011125
lodoxamide,N#Cc1cc(NC(=O)C(=O)O)c(Cl)c(NC(=O)C(=O)O)c1,CID100044563
lomefloxacin,CCn1cc(C(=O)O)c(=O)c2cc(F)c(N3CCNC(C)C3)c(F)c21,CID100003948
lomustine,O=NN(CCCl)C(=O)NC1CCCCC1,CID100003950
loperamide,CN(C)C(=O)C(CCN1CCC(O)(c2ccc(Cl)cc2)CC1)(c1ccccc1)c1ccccc1,CID100003954
loratadine,CCOC(=O)N1CCC(=C2c3ccc(Cl)cc3CCc3cccnc32)CC1,CID100003957
lorazepam,O=C1Nc2ccc(Cl)cc2C(c2ccccc2Cl)=NC1O,CID100003958
lormetazepam,CN1C(=O)C(O)N=C(c2ccccc2Cl)c2cc(Cl)ccc21,CID100013314
losartan,CCCCc1nc(Cl)c(CO)n1Cc1ccc(-c2ccccc2-c2nn[nH]n2)cc1,CID100003961
lovastatin,CC[C@H](C)C(=O)O[C@H]1C[C@@H](C)C=C2C=C[C@H](C)[C@H](CC[C@@H]3C[C@@H](O)CC(=O)O3)[C@H]21,CID100003962
loxapine,CN1CCN(C2=Nc3ccccc3Oc3ccc(Cl)cc32)CC1,CID100003964
lubiprostone,CCCCC(F)(F)[C@@]1(O)CC[C@@H]2[C@H](CCCCCCC(=O)O)C(=O)C[C@H]2O1,CID100157920
lymecycline,CN(C)[C@@H]1C(=O)/C(=C(/N)O)C(=O)[C@@]2(O)C(=O)C3=C(O)c4c(O)ccc(Cl)c4[C@@](C)(O)[C@H]3C[C@@H]12.[Cl-].[H+],CID154687131
mafenide,NCc1ccc(S(N)(=O)=O)cc1,CID100003998
magnesium,[MgH2],CID100000888
malathion,CCOC(=O)CC(SP(=S)(OC)OC)C(=O)OCC,CID100004004
mannitol,OC[C@@H](O)[C@@H](O)[C@H](O)[C@H](O)CO,CID100000453
maprotiline,CNCCCC12CCC(c3ccccc31)c1ccccc12,CID100004011
maraviroc,Cc1nnc(C(C)C)n1C1C[C@H]2CC[C@@H](C1)N2CC[C@H](NC(=O)C1CCC(F)(F)CC1)c1ccccc1,CID100483407
mebendazole,COC(=O)Nc1nc2ccc(C(=O)c3ccccc3)cc2[nH]1,CID100004030
mebeverine,CCN(CCCCOC(=O)c1ccc(OC)c(OC)c1)C(C)Cc1ccc(OC)cc1,CID100004031
mecamylamine,CNC1(C)C2CCC(C2)C1(C)C,CID100004032
meclofenamate,Cc1ccc(Cl)c(Nc2ccccc2C(=O)O)c1Cl,CID100004036
medroxyprogesterone,CC(=O)[C@@]1(O)CC[C@H]2[C@@H]3C[C@H](C)C4=CC(=O)CC[C@]4(C)[C@H]3CC[C@@]21C,CID100004042
medrysone,CC(=O)[C@H]1CC[C@H]2[C@@H]3C[C@H](C)C4=CC(=O)CC[C@]4(C)[C@H]3[C@@H](O)C[C@]12C,CID100004043
mefloquine,OC(c1cc(C(F)(F)F)nc2c(C(F)(F)F)cccc12)C1CCCCN1,CID100004046
megestrol,CC(=O)[C@@]1(O)CC[C@H]2[C@@H]3C=C(C)C4=CC(=O)CC[C@]4(C)[C@H]3CC[C@@]21C,CID100004048
melatonin,COc1ccc2[nH]cc(CCNC(C)=O)c2c1,CID100000896
meloxicam,Cc1cnc(N/C(O)=C2/C(=O)c3ccccc3S(=O)(=O)N2C)s1,CID100004051
melphalan,NC(Cc1ccc(N(CCCl)CCCl)cc1)C(=O)O,CID100004053
memantine,CC12CC3CC(C)(C1)CC(N)(C3)C2,CID100004054
meperidine,CCOC(=O)C1(c2ccccc2)CCN(C)CC1,CID100004058
mephenytoin,CCC1(c2ccccc2)NC(=O)N(C)C1=O,CID100004060
mepivacaine,Cc1cccc(C)c1NC(=O)C1CCCCN1C,CID100004062
meprobamate,CCCC(C)(COC(N)=O)COC(N)=O,CID100004064
mepyramine,COc1ccc(CN(CCN(C)C)c2ccccn2)cc1,CID100004992
meropenem,C[C@H](O)C1C(=O)N2C(C(=O)O)=C(S[C@@H]3CN[C@H](C(=O)N(C)C)C3)[C@H](C)C12.O.O.O,CID100060706
mesna,O=S(=O)([O-])CCS.[Na+],CID100000598
metaproterenol,CC(C)NCC(O)c1cc(O)cc(O)c1,CID100004086
metformin,CN(C)C(=N)N=C(N)N.[Cl-].[H+],CID100004091
methadone,CCC(=O)C(CC(C)N(C)C)(c1ccccc1)c1ccccc1,CID100004095
methamphetamine,CN[C@@H](C)Cc1ccccc1,CID100001206
methazolamide,CC(=O)N=c1sc(S(N)(=O)=O)nn1C,CID100001798
methenamine,C1N2CN3CN1CN(C2)C3,CID100004101
methimazole,Cn1cc[nH]c1=S,CID101349907
methocarbamol,COc1ccccc1OCC(O)COC(N)=O,CID100004107
methohexital,C=CCC1(C(C)C#CCC)C(=O)NC(=O)N(C)C1=O,CID100009034
methotrexate,CN(Cc1cnc2nc(N)nc(N)c2n1)c1ccc(C(=O)N[C@@H](CCC(=O)O)C(=O)O)cc1,CID100004112
methsuximide,CN1C(=O)CC(C)(c2ccccc2)C1=O,CID100006476
methyclothiazide,CN1C(CCl)Nc2cc(Cl)c(S(N)(=O)=O)cc2S1(=O)=O,CID100004121
methyl,[CH3],CID100157921
methyldopa,COC(=O)[C@@H](N)Cc1ccc(O)c(O)c1,CID100004138
methylergometrine,CC[C@@H](CO)NC(=O)[C@@H]1C=C2c3cccc4[nH]cc(c34)C[C@H]2N(C)C1,CID100004140
methylnaltrexone,C[N+]1(CC2CC2)CC[C@]23c4c5ccc(O)c4O[C@H]2C(=O)CC[C@@]3(O)[C@H]1C5,CID105361917
methylphenidate,COC(=O)C(c1ccccc1)C1CCCCN1,CID100004158
methylprednisolone,C[C@H]1C[C@@H]2[C@H]([C@@H](O)C[C@@]3(C)[C@H]2CC[C@]3(O)C(=O)CO)[C@@]2(C)C=CC(=O)C=C12,CID100001875
methyltestosterone,C[C@]12CCC(=O)C=C1CC[C@@H]1[C@@H]2CC[C@@]2(C)[C@H]1CC[C@]2(C)O,CID100004160
methysergide,CC[C@@H](CO)NC(=O)[C@@H]1C=C2c3cccc4c3c(cn4C)C[C@H]2N(C)C1,CID100004163
metipranolol,CC(=O)Oc1c(C)cc(OCC(O)CNC(C)C)c(C)c1C,CID100031477
metoclopramide,CCN(CC)CCNC(=O)c1cc(Cl)c(N)cc1OC,CID100004168
metolazone,Cc1ccccc1N1C(=O)c2cc(S(N)(=O)=O)c(Cl)cc2NC1C,CID100004170
metoprolol,COCCc1ccc(OCC(O)CNC(C)C)cc1,CID100004171
metronidazole,Cc1ncc([N+](=O)[O-])n1CCO,CID100004173
metyrapone,CC(C)(C(=O)c1cccnc1)c1cccnc1,CID100004174
mexiletine,Cc1cccc(C)c1OCC(C)N,CID100004178
mianserin,CN1CCN2c3ccccc3Cc3ccccc3C2C1,CID100004184
miconazole,Clc1ccc(COC(Cn2ccnc2)c2ccc(Cl)cc2Cl)c(Cl)c1,CID100004189
midazolam,Cc1ncc2n1-c1ccc(Cl)cc1C(c1ccccc1F)=NC2,CID100004192
midodrine,COc1ccc(OC)c(C(O)CNC(=O)CN)c1,CID100004195
mifepristone,CC#C[C@]1(O)CC[C@H]2[C@@H]3CCC4=CC(=O)CCC4=C3[C@@H](c3ccc(N(C)C)cc3)C[C@@]21C,CID100004196
miglitol,OCCN1C[C@H](O)[C@@H](O)[C@H](O)[C@H]1CO,CID100051577
miglustat,CCCCN1C[C@H](O)[C@@H](O)[C@H](O)[C@H]1CO,CID100051634
milnacipran,CCN(CC)C(=O)[C@]1(c2ccccc2)C[C@@H]1CN.[Cl-].[H+],CID100055480
milrinone,Cc1[nH]c(=O)c(C#N)cc1-c1ccncc1,CID100004197
minoxidil,N=c1nc(N2CCCCC2)cc(N)n1O,CID100004201
mirtazapine,CN1CCN2c3ncccc3Cc3ccccc3C2C1,CID100004205
misoprostol,CCCCC(C)(O)C/C=C/[C@H]1[C@H](O)CC(=O)[C@@H]1CCCCCCC(=O)OC,CID100042955
mitomycin,CO[C@@]12[C@H](COC(N)=O)C3=C(C(=O)C(C)=C(N)C3=O)N1C[C@@H]1N[C@@H]12,CID100005746
mitotane,Clc1ccc(C(c2ccccc2Cl)C(Cl)Cl)cc1,CID100004211
mitoxantrone,O=C1c2c(O)ccc(O)c2C(=O)c2c(NCCNCCO)ccc(NCCNCCO)c21,CID100004212
mivacurium,COc1cc2c(cc1OC)[C@@H](Cc1cc(OC)c(OC)c(OC)c1)[N+](C)(CCCOC(=O)CC/C=C/CCC(=O)OCCC[N+]1(C)CCc3cc(OC)c(OC)cc3[C@H]1Cc1cc(OC)c(OC)c(OC)c1)CC2,CID100071316
moclobemide,O=C(NCCN1CCOCC1)c1ccc(Cl)cc1,CID100004235
modafinil,NC(=O)CS(=O)C(c1ccccc1)c1ccccc1,CID100004236
molindone,CCc1c(C)[nH]c2c1C(=O)C(CN1CCOCC1)CC2,CID100023897
mometasone,C[C@@H]1C[C@H]2[C@@H]3CCC4=CC(=O)C=C[C@]4(C)[C@@]3(Cl)[C@@H](O)C[C@]2(C)[C@@]1(O)C(=O)CCl,CID100004240
monamine,Cc1cccc(CN2CCN(C(c3ccccc3)c3ccc(Cl)cc3)CC2)c1,CID100004034
monobenzone,Oc1ccc(OCc2ccccc2)cc1,CID100007638
montelukast,CC(C)(O)c1ccccc1CC[C@@H](SCC1(CC(=O)O)CC1)c1cccc(/C=C/c2ccc3ccc(Cl)cc3n2)c1,CID100004248
morphine,CN1CC[C@]23c4c5ccc(O)c4O[C@H]2[C@@H](O)C=C[C@H]3[C@H]1C5,CID100004253
moxifloxacin,COc1c(N2C[C@@H]3CCCN[C@@H]3C2)c(F)cc2c(=O)c(C(=O)O)cn(C3CC3)c12,CID100004259
moxonidine,COc1nc(C)nc(Cl)c1NC1=NCCN1,CID100004810
mupirocin,C/C(=C\C(=O)OCCCCCCCCC(=O)O)C[C@@H]1OC[C@H](C[C@@H]2O[C@H]2[C@@H](C)[C@H](C)O)[C@@H](O)[C@H]1O,CID100004264
nabilone,CCCCCCC(C)(C)c1cc(O)c2c(c1)OC(C)(C)[C@@H]1CCC(=O)C[C@@H]21,CID100039860
nabumetone,COc1ccc2cc(CCC(C)=O)ccc2c1,CID100004409
nadolol,CC(C)(C)NCC(O)COc1cccc2c1C[C@H](O)[C@H](O)C2,CID100004411
naftifine,CN(C/C=C/c1ccccc1)Cc1cccc2ccccc12,CID100047640
naloxone,C=CCN1CC[C@]23c4c5ccc(O)c4O[C@H]2C(=O)CC[C@@]3(O)[C@H]1C5,CID100004425
naltrexone,O=C1CC[C@@]2(O)[C@H]3Cc4ccc(O)c5c4[C@@]2(CCN3CC2CC2)[C@H]1O5,CID100004428
nandrolone,C[C@]12CC[C@H]3[C@@H](CCC4=CC(=O)CC[C@@H]43)[C@@H]1CC[C@@H]2O,CID100004432
naphazoline,c1ccc2c(CC3=NCCN3)cccc2c1,CID100004436
naproxen,COc1ccc2cc(C(C)C(=O)O)ccc2c1,CID100001301
naratriptan,CNS(=O)(=O)CCc1ccc2[nH]cc(C3CCN(C)CC3)c2c1,CID100004440
nateglinide,CC(C)C1CCC(C(=O)N[C@@H](Cc2ccccc2)C(=O)O)CC1,CID100004443
nebivolol,OC(CNCC(O)C1CCc2cc(F)ccc2O1)C1CCc2cc(F)ccc2O1,CID100071301
nedocromil,CCCc1c2oc(C(=O)O)cc(=O)c2cc2c(=O)cc(C(=O)O)n(CC)c12,CID100050294
nefazodone,CCc1nn(CCCN2CCN(c3cccc(Cl)c3)CC2)c(=O)n1CCOc1ccccc1.[Cl-].[H+],CID100004449
nefopam,CN1CCOC(c2ccccc2)c2ccccc2C1,CID100004450
nelarabine,COc1nc(N)nc2c1ncn2C1O[C@H](CO)[C@@H](O)[C@@H]1O,CID100096312
nelfinavir,Cc1c(O)cccc1C(=O)N[C@@H](CSc1ccccc1)[C@H](O)CN1C[C@H]2CCCC[C@H]2C[C@H]1C(=O)NC(C)(C)C,CID100004451
neomycin,NC[C@@H]1O[C@H](O[C@H]2[C@@H](O)[C@H](O[C@@H]3[C@@H](O)[C@H](N)C[C@H](N)[C@H]3O[C@H]3O[C@H](CN)[C@@H](O)[C@H](O)[C@H]3N)O[C@@H]2CO)[C@H](N)[C@@H](O)[C@@H]1O,CID100004454
neostigmine,CN(C)C(=O)Oc1cccc([N+](C)(C)C)c1,CID100004456
nepafenac,NC(=O)Cc1cccc(C(=O)c2ccccc2)c1N,CID100151075
nevirapine,Cc1ccnc2c1NC(=O)c1cccnc1N2C1CC1,CID100004463
niacin,O=C(O)c1cccnc1,CID100000937
nicardipine,COC(=O)C1=C(C)NC(C)=C(C(=O)OCCN(C)Cc2ccccc2)C1c1cccc([N+](=O)[O-])c1,CID100004473
nicorandil,O=C(NCCO[N+](=O)[O-])c1cccnc1,CID100047528
nicotine,CN1CCCC1c1cccnc1,CID100000942
nifedipine,COC(=O)C1=C(C)NC(C)=C(C(=O)OC)C1c1ccccc1[N+](=O)[O-],CID100004485
nilutamide,CC1(C)NC(=O)N(c2ccc([N+](=O)[O-])c(C(F)(F)F)c2)C1=O,CID100004493
nimodipine,COCCOC(=O)C1=C(C)NC(C)=C(C(=O)OC(C)C)C1c1cccc([N+](=O)[O-])c1,CID100004497
nisoldipine,COC(=O)C1=C(C)NC(C)=C(C(=O)OCC(C)C)C1c1ccccc1[N+](=O)[O-],CID100004499
nitazoxanide,CC(=O)Oc1ccccc1C(=O)Nc1ncc([N+](=O)[O-])s1,CID100041684
nitrazepam,O=C1CN=C(c2ccccc2)c2cc([N+](=O)[O-])ccc2N1,CID100004506
nitrofurantoin,O=C1CN(/N=C/c2ccc([N+](=O)[O-])o2)C(=O)N1,CID100004509
nitrogen,[NH2],CID100004033
nitroglycerin,O=[N+]([O-])OCC(CO[N+](=O)[O-])O[N+](=O)[O-],CID100004510
nizatidine,CN/C(=C\[N+](=O)[O-])NCCSCc1csc(CN(C)C)n1,CID100004513
norepinephrine,NCC(O)c1ccc(O)c(O)c1,CID100000951
norethisterone,C#C[C@]1(O)CC[C@H]2[C@@H]3CCC4=CC(=O)CC[C@@H]4[C@H]3CC[C@@]21C,CID100004536
norfloxacin,CCn1cc(C(=O)O)c(=O)c2cc(F)c(N3CCNCC3)cc21,CID100004539
nortriptyline,CNCCC=C1c2ccccc2CCc2ccccc21,CID100004543
nystatin,CC1/C=C/C=C/CC/C=C/C=C/C=C/C=C/C(OC2O[C@H](C)[C@@H](O)[C@H](N)[C@@H]2O)CC(O)C(C(=O)O)C(O)CC(=O)CC(O)C(O)CCC(O)CC(O)CC(O)CC(=O)OC(C)C(C)C1O,CID100004568
oCRH,CC[C@H](C)[C@H](NC(=O)[C@H](CC(=O)O)NC(=O)[C@H](CC(C)C)NC(=O)[C@H](CC(C)C)NC(=O)[C@H](CCCCN)NC(=O)[C@H](CCCNC(=N)N)NC(=O)[C@H](CC(N)=O)NC(=O)[C@H](CO)NC(=O)[C@H](Cc1cnc[nH]1)NC(=O)[C@H](C)NC(=O)[C@H](CCC(N)=O)NC(=O)[C@H](CCC(N)=O)NC(=O)[C@H](C)NC(=O)[C@H](CC(C)C)NC(=O)[C@H](CCC(N)=O)NC(=O)[C@H](CC(=O)O)NC(=O)[C@H](C)NC(=O)[C@H](CCCCN)NC(=O)[C@@H](NC(=O)[C@H](CCSC)NC(=O)[C@H](CCC(=O)O)NC(=O)[C@H](CC(C)C)NC(=O)[C@@H](NC(=O)[C@H](CCC(=O)O)NC(=O)[C@H](CCCNC(=N)N)NC(=O)[C@H](CC(C)C)NC(=O)[C@H](CC(C)C)NC(=O)[C@H](Cc1cnc[nH]1)NC(=O)[C@H](Cc1ccccc1)NC(=O)[C@@H](NC(=O)[C@H](CC(C)C)NC(=O)[C@H](CC(=O)O)NC(=O)[C@H](CC(C)C)NC(=O)[C@H](CO)NC(=O)[C@@H](NC(=O)[C@@H]1CCCN1C(=O)[C@@H]1CCCN1C(=O)[C@H](CCC(=O)O)NC(=O)[C@H](CCC(N)=O)NC(=O)[C@@H](N)CO)[C@@H](C)CC)[C@@H](C)O)C(C)C)[C@@H](C)O)C(=O)N[C@@H](C)C(N)=O,CID116132344
ofloxacin,CC1COc2c(N3CCN(C)CC3)c(F)cc3c(=O)c(C(=O)O)cn1c23,CID100004583
olanzapine,Cc1cc2c(s1)=Nc1ccccc1NC=2N1CCN(C)CC1,CID100004585
olmesartan,CCCc1nc(C(C)(C)O)c(C(=O)O)n1Cc1ccc(-c2ccccc2-c2nn[nH]n2)cc1,CID100130881
olopatadine,CN(C)CC/C=C1\c2ccccc2COc2ccc(CC(=O)O)cc21,CID100060864
olsalazine,O=C(O)C1=C/C(=N\Nc2ccc(O)c(C(=O)O)c2)C=CC1=O,CID105462337
omeprazole,COc1ccc2nc(S(=O)Cc3ncc(C)c(OC)c3C)[nH]c2c1,CID100004594
ondansetron,Cc1nccn1CC1CCc2c(c3ccccc3n2C)C1=O,CID100004595
orlistat,CCCCCCCCCCC[C@@H](C[C@@H]1OC(=O)[C@H]1CCCCCC)OC(=O)[C@H](CC(C)C)NC=O,CID100004599
orphenadrine,Cc1ccccc1C(OCCN(C)C)c1ccccc1,CID100004601
oseltamivir,CCOC(=O)C1=C[C@@H](OC(CC)CC)[C@H](NC(C)=O)[C@@H](N)C1,CID100004603
oxacillin,Cc1onc(-c2ccccc2)c1C(=O)N[C@@H]1C(=O)N2[C@@H]1SC(C)(C)[C@@H]2C(=O)O,CID100004607
oxaliplatin,NC1CCCCC1N.O=C([O-])C(=O)[O-].[Pt+2],CID100004609
oxandrolone,C[C@]12COC(=O)C[C@@H]1CC[C@@H]1[C@@H]2CC[C@@]2(C)[C@H]1CC[C@]2(C)O,CID100005878
oxaprozin,O=C(O)CCc1nc(-c2ccccc2)c(-c2ccccc2)o1,CID100004614
oxazepam,O=C1Nc2ccc(Cl)cc2C(c2ccccc2)=NC1O,CID100004616
oxcarbazepine,NC(=O)N1c2ccccc2CC(=O)c2ccccc21,CID100034312
oxiconazole,Clc1ccc(CO/N=C(\Cn2ccnc2)c2ccc(Cl)cc2Cl)c(Cl)c1,CID100004623
oxprenolol,C=CCOc1ccccc1OCC(O)CNC(C)C,CID100004631
oxybutynin,CCN(CC)CC#CCOC(=O)C(O)(c1ccccc1)C1CCCCC1,CID100004634
oxycodone,COc1ccc2c3c1O[C@H]1C(=O)CC[C@@]4(O)[C@@H](C2)N(C)CC[C@]314,CID100004635
oxymetholone,C[C@]12C/C(=C/O)C(=O)C[C@@H]1CC[C@@H]1[C@@H]2CC[C@@]2(C)[C@H]1CC[C@]2(C)O,CID100004638
oxytetracycline,CN(C)[C@@H]1C(=O)/C(=C(\N)O)C(=O)[C@@]2(O)C(=O)C3=C(O)c4c(O)cccc4[C@@](C)(O)[C@H]3[C@H](O)[C@@H]12.O.O,CID144134877
oxytocin,CC[C@H](C)[C@@H]1NC(=O)[C@H](Cc2ccc(O)cc2)NC(=O)[C@@H](N)CSSC[C@@H](C(=O)N2CCC[C@H]2C(=O)N[C@@H](CC(C)C)C(=O)NCC(N)=O)NC(=O)[C@H](CC(N)=O)NC(=O)[C@H](CCC(N)=O)NC1=O,CID100005771
p-aminohippurate,Nc1ccc(C(=O)NCC(=O)[O-])cc1,CID100002148
paclitaxel,CC(=O)O[C@H]1C(=O)[C@@]2(C)C([C@H](OC(=O)c3ccccc3)[C@]3(O)C[C@H](OC(=O)[C@H](O)[C@@H](NC(=O)c4ccccc4)c4ccccc4)C(C)=C1C3(C)C)[C@]1(OC(C)=O)CO[C@@H]1C[C@@H]2O,CID100004666
paliperidone,Cc1nc2n(c(=O)c1CCN1CCC(c3noc4cc(F)ccc34)CC1)CCCC2O,CID100115237
palonosetron,O=C1c2cccc3c2[C@@H](CCC3)CN1[C@@H]1CN2CCC1CC2,CID100148211
pamidronate,NCCC(O)(P(=O)(O)O)P(=O)(O)O,CID100004673
pantoprazole,COc1ccnc(CS(=O)c2nc3ccc(OC(F)F)cc3[nH]2)c1OC,CID100004679
papaverine,COc1ccc(Cc2nccc3cc(OC)c(OC)cc23)cc1OC,CID100004680
paraldehyde,CC1OC(C)OC(C)O1,CID100031264
parecoxib,CCC(=O)NS(=O)(=O)c1ccc(-c2c(-c3ccccc3)noc2C)cc1,CID100119828
paricalcitol,C[C@H](/C=C/[C@H](C)C(C)(C)O)[C@H]1CC[C@H]2/C(=C/C=C3C[C@@H](O)C[C@H](O)C3)CCC[C@]12C,CID100077996
paromomycin,NC[C@@H]1O[C@H](O[C@H]2[C@@H](O)[C@H](O[C@@H]3[C@@H](O)[C@H](N)C[C@H](N)[C@H]3O[C@H]3O[C@H](CO)[C@@H](O)[C@H](O)[C@H]3N)O[C@@H]2CO)[C@H](N)[C@@H](O)[C@@H]1O,CID100004689
paroxetine,Fc1ccc([C@@H]2CCNC[C@H]2COc2ccc3c(c2)OCO3)cc1,CID100004691
pemetrexed,Nc1nc(=O)c2c(CCc3ccc(C(=O)N[C@H](CCC(=O)O)C(=O)O)cc3)c[nH]c2[nH]1,CID100060843
penbutolol,CC(C)(C)NC[C@@H](O)COc1ccccc1C1CCCC1,CID100004724
penciclovir,Nc1nc(=O)c2ncn(CCC(CO)CO)c2[nH]1,CID100004725
penicillin,CC1(C)SC2C(NC(=O)Cc3ccccc3)C(=O)N2C1C(=O)O.[Na],CID100002349
pentazocine,C1=CN=NN=NN=C1,CID100004736
pentobarbital,CCCC(C)C1(CC)C(=O)NC(=O)NC1=O,CID100004737
pentostatin,OC[C@H]1O[C@@H](n2cnc3c2NC=NC[C@H]3O)C[C@@H]1O,CID100004739
pentoxifylline,CC(=O)CCCCn1c(=O)c2c(ncn2C)n(C)c1=O,CID100004740
pergolide,CCCN1C[C@H](CSC)C[C@@H]2c3cccc4[nH]cc(c34)C[C@H]21,CID100004745
perhexiline,C1CCC(C(CC2CCCCN2)C2CCCCC2)CC1,CID100004746
perindopril,CCC[C@H](N[C@@H](C)C(=O)N1[C@H](C(=O)O)C[C@@H]2CCCC[C@@H]21)C(=O)OCC,CID100060183
permethrin,CC1(C)[C@H](C(=O)OCc2cccc(Oc3ccccc3)c2)[C@@H]1C=C(Cl)Cl,CID100040159
perphenazine,OCCN1CCN(CCCN2c3ccccc3Sc3ccc(Cl)cc32)CC1,CID100004748
phenelzine,NNCCc1ccccc1.[Cl],CID100003675
phenobarbital,CCC1(c2ccccc2)C(=O)NC(=O)NC1=O,CID100004763
phenoxybenzamine,CC(COc1ccccc1)N(CCCl)Cc1ccccc1,CID100004768
phentermine,CC(C)(N)Cc1ccccc1,CID100004771
phentolamine,Cc1ccc(N(CC2=NCCN2)c2cccc(O)c2)cc1,CID100005775
phenylephrine,CNC[C@H](O)c1cccc(O)c1,CID100004782
phenylpropanolamine,C[C@@H](N)[C@@H](O)c1ccccc1,CID100004786
phenytoin,O=C1NC(=O)C(c2ccccc2)(c2ccccc2)N1,CID100001775
physostigmine,CNC(=O)Oc1ccc2c(c1)[C@]1(C)CCN(C)[C@@H]1N2C,CID100004811
pilocarpine,CC[C@@H]1C(=O)OC[C@@H]1Cc1cncn1C,CID100004819
pimecrolimus,CC[C@@H]1/C=C(/C)C[C@H](C)C[C@H](OC)[C@H]2O[C@@](O)(C(=O)C(=O)N3CCCC[C@H]3C(=O)O[C@H](/C(C)=C/[C@@H]3CC[C@H](Cl)[C@H](OC)C3)[C@H](C)[C@@H](O)CC1=O)[C@H](C)C[C@@H]2OC,CID103055172
pimozide,O=c1[nH]c2ccccc2n1C1CCN(CCCC(c2ccc(F)cc2)c2ccc(F)cc2)CC1,CID100016362
pinaverium,COc1cc(Br)c(C[N+]2(CCOCCC3CCC4CC3C4(C)C)CCOCC2)cc1OC,CID100040703
pindolol,CC(C)NCC(O)COc1cccc2[nH]ccc12,CID100004828
pioglitazone,CCc1ccc(CCOc2ccc(CC3SC(=O)NC3=O)cc2)nc1,CID100004829
piperacillin,CCN1CCN(C(=O)N[C@@H](C(=O)N[C@@H]2C(=O)N3[C@@H]2SC(C)(C)[C@@H]3C(=O)O)c2ccccc2)C(=O)C1=O.O,CID100004834
pirbuterol,CC(C)(C)NCC(O)c1ccc(O)c(CO)n1,CID100004845
piroxicam,CN1/C(=C(/O)Nc2ccccn2)C(=O)c2ccccc2S1(=O)=O,CID123690938
pitavastatin,O=C(O)CC(O)CC(O)/C=C/c1c(C2CC2)nc2ccccc2c1-c1ccc(F)cc1,CID100132804
pizotifen,CN1CCC(=C2c3ccccc3CCc3sccc32)CC1,CID100027400
podophyllotoxin,COc1cc([C@@H]2c3cc4c(cc3[C@H](O)[C@H]3COC(=O)[C@H]23)OCO4)cc(OC)c1OC,CID100004865
polymyxin,CC(C)C[C@@H]1NC(=O)[C@@H](Cc2ccccc2)NC(=O)[C@H](CCN)NC(=O)[C@@H](NC(=O)[C@H](CCN)NC(=O)[C@@H](NC(=O)[C@H](CCN)NC(=O)O)[C@@H](C)O)CCNC(=O)[C@H]([C@@H](C)O)NC(=O)[C@H](CCN)NC(=O)[C@H](CCN)NC1=O,CID100004868
polythiazide,CN1C(CSCC(F)(F)F)Nc2cc(Cl)c(S(N)(=O)=O)cc2S1(=O)=O,CID100004870
posaconazole,CC[C@@H]([C@H](C)O)n1ncn(-c2ccc(N3CCN(c4ccc(OC[C@@H]5CO[C@@](Cn6cncn6)(c6ccc(F)cc6F)C5)cc4)CC3)cc2)c1=O,CID100147912
pralatrexate,C#CCC(Cc1cnc2nc(N)nc(N)c2n1)c1ccc(C(=O)N[C@@H](CCC(=O)O)C(=O)O)cc1,CID100148121
pralidoxime,CN1C=CC=C/C1=C\[NH+]=O.[Cl-],CID105353894
pramipexole,CCCN[C@@H]1CCc2nc(N)sc2C1,CID100004885
prasugrel,CC(=O)Oc1cc2c(s1)CCN(C(C(=O)C1CC1)c1ccccc1F)C2,CID106918456
pravastatin,CC[C@H](C)C(=O)O[C@H]1C[C@H](O)C=C2C=C[C@H](C)[C@H](CC[C@@H](O)C[C@@H](O)CC(=O)O)[C@H]21,CID100004889
praziquantel,O=C(C1CCCCC1)N1CC(=O)N2CCc3ccccc3C2C1,CID100004891
prednicarbate,CCOC(=O)O[C@]1(C(=O)COC(=O)CC)CC[C@H]2[C@@H]3CCC4=CC(=O)C=C[C@]4(C)[C@H]3[C@@H](O)C[C@@]21C,CID100052421
prednisolone,C[C@]12C=CC(=O)C=C1CC[C@@H]1[C@@H]2[C@@H](O)C[C@@]2(C)[C@H]1CC[C@]2(O)C(=O)CO,CID100004894
prednisone,C[C@]12C=CC(=O)C=C1CC[C@@H]1[C@@H]2C(=O)C[C@@]2(C)[C@H]1CC[C@]2(O)C(=O)CO,CID100004900
pregabalin,CC(C)C[C@H](CN)CC(=O)O,CID100125889
prilocaine,CCCNC(C)C(=O)Nc1ccccc1C,CID100004906
primaquine,COc1cc(NC(C)CCCN)c2ncccc2c1,CID100004908
primidone,CCC1(c2ccccc2)C(=O)NCNC1=O,CID100004909
probenecid,CCCN(CCC)S(=O)(=O)c1ccc(C(=O)O)cc1,CID100004911
procainamide,CCN(CC)CCNC(=O)c1ccc(N)cc1,CID100004913
procaine,CCN(CC)CCOC(=O)c1ccc(N)cc1,CID100004914
procarbazine,CNNCc1ccc(C(=O)NC(C)C)cc1,CID100004915
prochlorperazine,CN1CCN(CCCN2c3ccccc3Sc3ccc(Cl)cc32)CC1,CID100004917
progesterone,CC(=O)[C@H]1CC[C@H]2[C@@H]3CCC4=CC(=O)CC[C@]4(C)[C@H]3CC[C@]12C,CID100004920
proguanil,CC(C)N=C(N)N=C(N)Nc1ccc(Cl)cc1,CID100004923
promethazine,CC(CN1c2ccccc2Sc2ccccc21)N(C)C,CID100004927
propafenone,CCCNCC(O)COc1ccccc1C(=O)CCc1ccccc1,CID100004932
propantheline,CC(C)[N+](C)(CCOC(=O)C1c2ccccc2Oc2ccccc21)C(C)C,CID100004934
proparacaine,CCCOc1ccc(C(=O)OCCN(CC)CC)cc1N,CID100004935
propericiazine,N#Cc1ccc2c(c1)N(CCCN1CCC(O)CC1)c1ccccc1S2,CID100004747
propofol,CC(C)c1cccc(C(C)C)c1O,CID100004943
propoxyphene,CCC(=O)O[C@](Cc1ccccc1)(c1ccccc1)[C@H](C)CN(C)C,CID100010100
propranolol,CC(C)NCC(O)COc1cccc2ccccc12,CID100004946
propylthiouracil,CCCn1c(=O)cc[nH]c1=S,CID100657298
prostacyclin,CCCCCC(O)/C=C/C1C(O)CC2O/C(=C\CCCC(=O)O)CC21,CID100000159
prostaglandin,CCCCCC(/C=C/C1C=CC(=O)C1C/C=C/CCCC(=O)OC)OC(C)=O,CID100000160
protriptyline,CNCCCC1c2ccccc2C=Cc2ccccc21,CID100004976
prucalopride,COCCCN1CCC(NC(=O)c2cc(Cl)c(N)c3c2OCC3)CC1,CID103052762
pyrantel,CN1CCCN=C1/C=C/c1cccs1,CID100004989
pyrazinamide,NC(=O)c1cnccn1,CID100001046
pyridostigmine,CN(C)C(=O)Oc1ccc[n+](C)c1,CID100004991
pyridoxine,Cc1ncc(CO)c(CO)c1O,CID100001054
pyrimethamine,CCc1nc(N)nc(N)c1-c1ccc(Cl)cc1,CID100004993
quazepam,Fc1ccccc1C1=NCC(=S)N(CC(F)(F)F)c2ccc(Cl)cc21,CID100004999
quetiapine,OCCOCCN1CCN(C2=Nc3ccccc3Sc3ccccc32)CC1,CID100005002
quinapril,CCOC(=O)[C@H](CCc1ccccc1)N[C@@H](C)C(=O)N1Cc2ccccc2C[C@H]1C(=O)O,CID100005005
quinidine,C=C[C@H]1CN2CC[C@H]1C[C@@H]2[C@@H](O)c1ccnc2ccc(OC)cc12,CID100001065
quinol,Oc1ccc(O)cc1,CID100000785
rabeprazole,COCCCOc1ccnc(CS(=O)c2nc3ccccc3[nH]2)c1C,CID100005029
raloxifene,O=C(c1ccc(OCCN2CCCCC2)cc1)c1c(-c2ccc(O)cc2)sc2cc(O)ccc12,CID100005035
raltegravir,Cc1nnc(C(=O)NC(C)(C)C2=N/C(=C(\O)NCc3ccc(F)cc3)C(=O)C(=O)N2C)o1,CID123668479
raltitrexed,Cc1nc(=O)c2cc(CN(C)c3ccc(C(=O)N[C@@H](CCC(=O)O)C(=O)O)s3)ccc2[nH]1,CID100104758
ramelteon,CCC(=O)NCC[C@@H]1CCc2ccc3c(c21)CCO3,CID100208902
ramipril,CCOC(=O)[C@H](CCc1ccccc1)N[C@@H](C)C(=O)N1[C@H](C(=O)O)C[C@@H]2CCC[C@@H]21,CID100005038
ranitidine,CN/C(=C\[N+](=O)[O-])NCCSCc1ccc(CN(C)C)o1,CID100005039
ranolazine,COc1ccccc1OCC(O)CN1CCN(CC(=O)Nc2c(C)cccc2C)CC1,CID100056959
rasagiline,C#CCN[C@@H]1CCc2ccccc21,CID100122316
reboxetine,CCOc1ccccc1O[C@@H](c1ccccc1)[C@@H]1CNCCO1,CID100065856
regadenoson,CNC(=O)c1cnn(-c2nc(N)c3ncn([C@@H]4O[C@H](CO)[C@@H](O)[C@H]4O)c3n2)c1,CID100219024
remifentanil,CCC(=O)N(c1ccccc1)C1(C(=O)OC)CCN(CCC(=O)OC)CC1,CID100060814
repaglinide,CCOc1cc(CC(=O)N[C@@H](CC(C)C)c2ccccc2N2CCCCC2)ccc1C(=O)O,CID100004547
rescinnamine,COC(=O)[C@H]1[C@H]2C[C@@H]3c4[nH]c5cc(OC)ccc5c4CCN3C[C@H]2C[C@@H](OC(=O)/C=C/c2cc(OC)c(OC)c(OC)c2)[C@@H]1OC,CID100005051
reserpine,COC(=O)[C@H]1[C@H]2C[C@@H]3c4[nH]c5cc(OC)ccc5c4CCN3C[C@H]2C[C@@H](OC(=O)c2cc(OC)c(OC)c(OC)c2)[C@@H]1OC,CID100005052
retapamulin,C=C[C@]1(C)C[C@@H](OC(=O)CSC2C[C@H]3CC[C@@H](C2)N3C)[C@]2(C)[C@H](C)CC[C@]3(CCC(=O)[C@H]32)[C@@H](C)[C@@H]1O,CID106918462
retinol,CC1=C(/C=C/C(C)=C/C=C/C(C)=C/CO)C(C)(C)CCC1,CID100001071
ribavirin,NC(=O)c1ncn([C@@H]2O[C@H](CO)[C@@H](O)[C@H]2O)n1,CID100005064
rifabutin,CO[C@H]1/C=C/O[C@@]2(C)Oc3c(C)c(O)c4c(c3C2=O)C2=NC3(CCN(CC(C)C)CC3)NC2=C(NC(=O)/C(C)=C\C=C\[C@H](C)[C@H](O)[C@@H](C)[C@@H](O)[C@@H](C)[C@H](OC(C)=O)[C@@H]1C)C4=O,CID105361912
rifapentine,CO[C@H]1/C=C/O[C@@]2(C)Oc3c(C)c(O)c4c(c3C2=O)C(=O)/C(=C/NN2CCN(C3CCCC3)CC2)C(=C4O)NC(=O)/C(C)=C\C=C\[C@H](C)[C@H](O)[C@@H](C)[C@@H](O)[C@@H](C)[C@H](OC(C)=O)[C@@H]1C,CID106323497
rifaximin,CO[C@H]1/C=C/O[C@@]2(C)Oc3c(C)c(O)c4c(O)c(c5c(nc6cc(C)ccn65)c4c3C2=O)NC(=O)/C(C)=C\C=C\[C@H](C)[C@H](O)[C@@H](C)[C@@H](O)[C@@H](C)[C@H](OC(C)=O)[C@@H]1C,CID100072111
riluzole,Nc1nc2ccc(OC(F)(F)F)cc2s1.[Cl-].[H+],CID100005070
rimantadine,CC(N)C12CC3CC(CC(C3)C1)C2,CID100005071
rimexolone,CCC(=O)[C@@]1(C)[C@H](C)C[C@H]2[C@@H]3CCC4=CC(=O)C=C[C@]4(C)[C@H]3[C@@H](O)C[C@@]21C,CID100039507
rimonabant,Cc1c(C(=O)NN2CCCCC2)nn(-c2ccc(Cl)cc2Cl)c1-c1ccc(Cl)cc1,CID100104849
risedronate,O=P(O)(O)C(O)(Cc1cccnc1)P(=O)(O)O,CID100005245
risperidone,Cc1nc2n(c(=O)c1CCN1CCC(c3noc4cc(F)ccc34)CC1)CCCC2,CID100005073
ritonavir,CC(C)c1nc(CN(C)C(=O)N[C@H](C(=O)N[C@@H](Cc2ccccc2)C[C@H](O)[C@H](Cc2ccccc2)NC(=O)OCc2cncs2)C(C)C)cs1,CID100005076
rivaroxaban,O=C(NCC1CN(c2ccc(N3CCOCC3=O)cc2)C(=O)O1)c1ccc(Cl)s1,CID106433119
rivastigmine,CCN(C)C(=O)Oc1cccc([C@H](C)N(C)C)c1,CID100005077
rizatriptan,CN(C)CCc1c[nH]c2ccc(Cn3cncn3)cc12,CID100005078
rocuronium,C=CC[N+]1([C@H]2C[C@H]3[C@@H]4CC[C@H]5C[C@H](O)[C@@H](N6CCOCC6)C[C@]5(C)[C@H]4CC[C@]3(C)[C@H]2OC(C)=O)CCCC1,CID100060695
rofecoxib,CS(=O)(=O)c1ccc(C2=C(c3ccccc3)C(=O)OC2)cc1,CID100005090
roflumilast,O=C(Nc1c(Cl)cncc1Cl)c1ccc(OC(F)F)c(OCC2CC2)c1,CID100449193
ropinirole,CCCN(CCC)CCc1cccc2c1CC(=O)N2,CID100005095
ropivacaine,CCCN1CCCC[C@H]1C(=O)Nc1c(C)cccc1C,CID100071273
rosiglitazone,CN(CCOc1ccc(C[C@@H]2SC(=O)NC2=O)cc1)c1ccccn1,CID100077998
rosuvastatin,CC(C)c1nc(N(C)S(C)(=O)=O)nc(-c2ccc(F)cc2)c1CC[C@@H](O)C[C@@H](O)CC(=O)O,CID100129806
rotigotine,CCCN(CCc1cccs1)C1CCc2c(O)cccc2C1,CID100057537
roxithromycin,CC[C@H]1OC(=O)[C@H](C)[C@@H](O[C@H]2C[C@@](C)(OC)[C@@H](O)[C@H](C)O2)[C@H](C)[C@@H](O[C@@H]2O[C@H](C)C[C@H](N(C)C)[C@H]2O)[C@](C)(O)C[C@@H](C)/C(=N/OCOCCOC)[C@H](C)[C@@H](O)[C@]1(C)O,CID100005106
rufinamide,NC(=O)c1cn(Cc2c(F)cccc2F)nn1,CID100129228
salbutamol,CC(C)(C)NCC(O)c1ccc(O)c(CO)c1,CID100002083
salicylate,O=C([O-])c1ccccc1O,CID100000338
salmeterol,OCc1cc(C(O)CNCCCCCCOCCCCc2ccccc2)ccc1O,CID100005152
salsalate,O=C(Oc1ccccc1C(=O)O)c1ccccc1O,CID100005161
saquinavir,CC(C)(C)NC(=O)[C@@H]1C[C@@H]2CCCC[C@@H]2CN1C[C@@H](O)[C@H](Cc1ccccc1)NC(=O)[C@H](CC(N)=O)NC(=O)c1ccc2ccccc2n1,CID100060787
scopolamine,CN1[C@@H]2CC(OC(=O)[C@H](CO)c3ccccc3)C[C@H]1[C@@H]1O[C@@H]12,CID100005184
secobarbital,C=CCC1(C(C)CCC)C(=O)NC(=O)NC1=O,CID100005193
selenium,[SeH2],CID100024087
sertaconazole,Clc1ccc(C(Cn2ccnc2)OCc2csc3c(Cl)cccc23)c(Cl)c1,CID100065863
sertraline,CN[C@H]1CC[C@@H](c2ccc(Cl)c(Cl)c2)c2ccccc21.[Cl-].[H+],CID100005203
sevelamer,C=CCN.ClCC1CO1.[Cl-].[H+],CID100159247
sevoflurane,FCOC(C(F)(F)F)C(F)(F)F,CID100005206
sibutramine,CC(C)CC(N(C)C)C1(c2ccc(Cl)cc2)CCC1,CID100005210
sildenafil,CCCc1nn(C)c2c(=O)nc(-c3cc(S(=O)(=O)N4CCN(C)CC4)ccc3OCC)[nH]c12,CID100005212
silodosin,C[C@H](Cc1cc2c(c(C(N)=O)c1)N(CCCO)CC2)NCCOc1ccccc1OCC(F)(F)F,CID100656628
silver,[Ag],CID100005214
simvastatin,CCC(C)(C)C(=O)O[C@H]1C[C@@H](C)C=C2C=C[C@H](C)[C@H](CC[C@@H]3C[C@@H](O)CC(=O)O3)[C@H]21,CID100054454
sitagliptin,N[C@@H](CC(=O)N1CCn2c(nnc2C(F)(F)F)C1)Cc1cc(F)c(F)cc1F.O=P(O)(O)O,CID104369359
sitaxsentan,Cc1cc2c(cc1CC(=O)c1sccc1S(=O)(=O)Nc1onc(C)c1Cl)OCO2,CID100216235
sodium,[Na],CID100000923
sorafenib,CNC(=O)c1cc(Oc2ccc(NC(=O)Nc3ccc(Cl)c(C(F)(F)F)c3)cc2)ccn1,CID100216239
sotalol,CC(C)NCC(O)c1ccc(NS(C)(=O)=O)cc1,CID100005253
sparfloxacin,C[C@@H]1CN(c2c(F)c(N)c3c(=O)c(C(=O)O)cn(C4CC4)c3c2F)C[C@H](C)N1,CID100005257
spectinomycin,CN[C@@H]1[C@H](O)[C@H](NC)[C@H]2O[C@@]3(O)C(=O)C[C@@H](C)O[C@H]3O[C@@H]2[C@H]1O.O=S(=O)(O)O,CID100002021
spironolactone,CC(=O)S[C@@H]1CC2=CC(=O)CC[C@]2(C)[C@H]2CC[C@@]3(C)[C@@H](CC[C@@]34CCC(=O)O4)[C@H]12,CID100005267
stavudine,Cc1cn([C@H]2C=C[C@@H](CO)O2)c(=O)[nH]c1=O,CID100005155
stiripentol,CC(C)(C)C(O)/C=C/c1ccc2c(c1)OCO2,CID100039524
streptomycin,CN[C@@H]1[C@H](O[C@H]2[C@H](O[C@H]3[C@H](O)[C@@H](O)[C@H](N=C(N)N)[C@@H](O)[C@@H]3N=C(N)N)O[C@@H](C)[C@]2(O)C=O)O[C@@H](CO)[C@H](O)[C@H]1O,CID100005297
streptozotocin,CN(N=O)C(=O)N[C@@H]1[C@@H](O)[C@H](O)[C@@H](CO)O[C@@H]1O,CID100005300
strontium,[SrH2],CID100083606
succinylcholine,C[N+](C)(C)CCOC(=O)CCC(=O)OCC[N+](C)(C)C,CID100005314
sufentanil,CCC(=O)N(c1ccccc1)C1(COC)CCN(CCc2cccs2)CC1,CID100041693
sulconazole,Clc1ccc(CSC(Cn2ccnc2)c2ccc(Cl)cc2Cl)cc1,CID100005318
sulfacetamide,CC(=O)NS(=O)(=O)c1ccc(N)cc1,CID100005320
sulfadiazine,Nc1ccc(S(=O)(=O)Nc2ncccn2)cc1,CID100005215
sulfamethoxazole,Cc1cc(NS(=O)(=O)c2ccc(N)cc2)no1,CID100005329
sulfasalazine,O=C(O)C1=C/C(=N\Nc2ccc(S(=O)(=O)Nc3ccccn3)cc2)C=CC1=O,CID105353980
sulfonamide,Nc1ccc(S(N)(=O)=O)cc1,CID100005333
sulindac,CC1=C(CC(=O)O)c2cc(F)ccc2/C1=C\c1ccc(S(C)=O)cc1,CID100005352
sumatriptan,CNS(=O)(=O)Cc1ccc2[nH]cc(CCN(C)C)c2c1,CID100005358
sunitinib,CCN(CC)CCNC(=O)c1c(C)[nH]c(/C=C2\C(=O)Nc3ccc(F)cc32)c1C,CID103086686
suprofen,CC(C(=O)O)c1ccc(C(=O)c2cccs2)cc1,CID100005359
tacrolimus,C=CC[C@@H]1/C=C(\C)C[C@H](C)C[C@H](OC)[C@H]2O[C@@](O)(C(=O)C(=O)N3CCCC[C@H]3C(=O)O[C@H](/C(C)=C/[C@@H]3CC[C@@H](O)[C@H](OC)C3)[C@H](C)[C@@H](O)CC1=O)[C@H](C)C[C@@H]2OC,CID100005372
tadalafil,CN1CC(=O)N2[C@H](c3ccc4c(c3)OCO4)c3[nH]c4ccccc4c3C[C@@H]2C1=O,CID100110635
tafluprost,CC(C)OC(=O)CCC/C=C/CC1C(O)CC(O)C1/C=C/C(F)(F)COc1ccccc1,CID106433101
tamoxifen,CC/C(=C(\c1ccccc1)c1ccc(OCCN(C)C)cc1)c1ccccc1,CID100005376
tamsulosin,CCOc1ccccc1OCCN[C@H](C)Cc1ccc(OC)c(S(N)(=O)=O)c1,CID100060146
tapentadol,CC[C@@H](c1cccc(O)c1)[C@@H](C)CN(C)C,CID106433091
tazarotene,CCOC(=O)c1ccc(C#Cc2ccc3c(c2)C(C)(C)CCS3)nc1,CID100005381
tegaserod,CCCCCN=C(N)NN/C=C1\C=Nc2ccc(CO)cc21,CID105487301
telavancin,CCCCCCCCCCNCCN[C@@]1(C)C[C@H](O[C@H]2[C@H](Oc3c4cc5cc3Oc3ccc(cc3Cl)[C@@H](O)[C@@H](NC(=O)[C@@H](CC(C)C)NC)C(=O)N[C@@H](CC(N)=O)C(=O)N[C@H]5C(=O)N[C@H]3C(=O)N[C@H](C(=O)N[C@H](C(=O)O)c5cc(O)c(CNCP(=O)(O)O)c(O)c5-c5cc3ccc5O)[C@H](O)c3ccc(c(Cl)c3)O4)O[C@H](CO)[C@@H](O)[C@@H]2O)O[C@@H](C)[C@H]1O,CID103081362
telithromycin,CC[C@H]1OC(=O)[C@@H](C)C(=O)[C@H](C)[C@@H](O[C@@H]2O[C@H](C)C[C@H](N(C)C)[C@H]2O)[C@](C)(OC)C[C@@H](C)C(=O)[C@H](C)[C@H]2N(CCCCn3cnc(-c4cccnc4)c3)C(=O)O[C@]12C,CID100073658
telmisartan,CCCc1nc2c(C)cc(-c3nc4ccccc4n3C)cc2n1Cc1ccc(-c2ccccc2C(=O)O)cc1,CID100065999
temazepam,CN1C(=O)C(O)N=C(c2ccccc2)c2cc(Cl)ccc21,CID100005391
temozolomide,Cn1nnc2c(C(N)=O)ncn2c1=O,CID100005394
teniposide,COc1cc([C@@H]2c3cc4c(cc3[C@@H](OC3OC5COC(c6cccs6)OC5C(O)C3O)[C@H]3COC(=O)[C@H]23)OCO4)cc(OC)c1O,CID100005396
tenofovir,C[C@H](Cn1cnc2c(N)ncnc21)OCP(=O)(O)O,CID100064987
tenoxicam,CN1/C(=C(\O)Nc2ccccn2)C(=O)c2sccc2S1(=O)=O,CID151508717
terazosin,COc1cc2nc(N3CCN(C(=O)C4CCCO4)CC3)nc(N)c2cc1OC.O.[Cl-].[H+],CID100005401
terbinafine,CN(C/C=C/C#CC(C)(C)C)Cc1cccc2ccccc12,CID100005402
terbutaline,CC(C)(C)NCC(O)c1cc(O)cc(O)c1,CID100005403
terconazole,CC(C)N1CCN(c2ccc(OC[C@H]3CO[C@](Cn4cncn4)(c4ccc(Cl)cc4Cl)O3)cc2)CC1,CID100005404
testosterone,C[C@]12CC[C@H]3[C@@H](CCC4=CC(=O)CC[C@@]43C)[C@@H]1CC[C@@H]2O,CID100005408
tetrabenazine,COc1cc2c(cc1OC)C1CC(=O)C(CC(C)C)CN1CC2,CID100006018
tetracaine,CCCCNc1ccc(C(=O)OCCN(C)C)cc1,CID100005411
tetracycline,CN(C)[C@@H]1C(=O)/C(=C(\N)O)C(=O)[C@@]2(O)C(=O)C3=C(O)c4c(O)cccc4[C@@](C)(O)[C@H]3C[C@@H]12,CID125880664
tetrahydrobiopterin,CC(O)C(O)C1CNc2[nH]c(N)nc(=O)c2N1,CID100001125
tetrahydrozoline,c1ccc2c(c1)CCCC2C1=NCCN1,CID100005419
thalidomide,O=C1CCC(N2C(=O)c3ccccc3C2=O)C(=O)N1,CID100005426
theophylline,Cn1c(=O)c2[nH]cnc2n(C)c1=O,CID100002153
thiabendazole,c1ccc2[nH]c(-c3cscn3)nc2c1,CID100005430
thiamine,Cc1ncc(C[n+]2csc(CCO)c2C)c(N)n1.[Cl-],CID100001130
thiazide,NS(=O)(=O)c1cc2c(cc1Cl)NC=NS2(=O)=O,CID100002720
thioridazine,CSc1ccc2c(c1)N(CCC1CCCCN1C)c1ccccc1S2,CID100005452
thiosulfate,O=S([O-])([O-])=S,CID100001084
thiotepa,S=P(N1CC1)(N1CC1)N1CC1,CID100005453
thiothixene,CN1CCN(CC/C=C2\c3ccccc3Sc3ccc(S(=O)(=O)N(C)C)cc32)CC1,CID100005454
thymidine,Cc1cn([C@H]2C[C@H](O)[C@@H](CO)O2)c(=O)[nH]c1=O,CID100001134
thyroxine,N[C@@H](Cc1cc(I)c(Oc2cc(I)c(O)c(I)c2)c(I)c1)C(=O)O,CID100000853
tiagabine,Cc1ccsc1C(=CCCN1CCC[C@@H](C(=O)O)C1)c1sccc1C,CID100005466
tibolone,C#C[C@]1(O)CC[C@H]2[C@@H]3[C@H](C)CC4=C(CCC(=O)C4)[C@H]3CC[C@@]21C,CID100005470
ticlopidine,Clc1ccccc1CN1CCc2sccc2C1.[Cl-].[H+],CID100005472
tigecycline,CN(C)c1cc(NC(=O)CNC(C)(C)C)c(O)c2c1C[C@H]1C[C@H]3[C@H](N(C)C)C(=O)/C(=C(\N)O)C(=O)[C@@]3(O)C(=O)C1=C2O,CID154681041
tiludronate,O=P([O-])(O)C(Sc1ccc(Cl)cc1)P(=O)([O-])O.[Na+].[Na+],CID100060936
timolol,CC(C)(C)NC[C@H](O)COc1nsnc1N1CCOCC1,CID100005478
tinidazole,CCS(=O)(=O)CCn1c([N+](=O)[O-])cnc1C,CID100005479
tiopronin,CC(S)C(=O)NCC(=O)O,CID100005483
tipranavir,CCC[C@@]1(CCc2ccccc2)CC(=O)C([C@H](CC)c2cccc(NS(=O)(=O)c3ccc(C(F)(F)F)cn3)c2)=C(O)O1,CID100163296
tirofiban,CCCCS(=O)(=O)N[C@@H](Cc1ccc(OCCCCC2CCNCC2)cc1)C(=O)O,CID100005486
tizanidine,Clc1ccc2nsnc2c1NC1=NCCN1,CID100005487
tobramycin,NC[C@H]1O[C@H](O[C@H]2[C@H](O)[C@@H](O[C@H]3O[C@H](CO)[C@@H](O)[C@H](N)[C@H]3O)[C@H](N)C[C@@H]2N)[C@H](N)C[C@@H]1O,CID100005496
tolazamide,Cc1ccc(S(=O)(=O)NC(=O)NN2CCCCCC2)cc1,CID100005503
tolbutamide,CCCCNC(=O)NS(=O)(=O)c1ccc(C)cc1,CID100005505
tolcapone,Cc1ccc(C(=O)c2cc(O)c(O)c([N+](=O)[O-])c2)cc1,CID104659569
tolmetin,Cc1ccc(C(=O)c2ccc(CC(=O)O)n2C)cc1,CID100005508
tolterodine,Cc1ccc(O)c([C@@H](CCN(C(C)C)C(C)C)c2ccccc2)c1,CID100005512
tolvaptan,Cc1ccccc1C(=O)Nc1ccc(C(=O)N2CCC[C@@H](O)c3cc(Cl)ccc32)c(C)c1,CID100216237
topiramate,CC1(C)O[C@@H]2[C@@H](CO[C@@]3(COS(N)(=O)=O)OC(C)(C)O[C@@H]23)O1,CID100005514
topotecan,CC[C@@]1(O)C(=O)OCc2c1cc1n(c2=O)Cc2cc3c(CN(C)C)c(O)ccc3nc2-1,CID100005515
torasemide,Cc1cccc(Nc2ccncc2S(=O)(=O)NC(=O)NC(C)C)c1,CID100041781
toremifene,CN(C)CCOc1ccc(/C(=C(/CCCl)c2ccccc2)c2ccccc2)cc1,CID100005516
trabectedin,COc1cc2c(cc1O)CCN[C@]21CS[C@@H]2c3c(OC(C)=O)c(C)c4c(c3[C@H](COC1=O)N1[C@@H]2[C@H]2c3c(cc(C)c(OC)c3O)C[C@@H]([C@@H]1O)N2C)OCO4,CID100003199
tramadol,COc1cccc([C@@]2(O)CCCC[C@@H]2CN(C)C)c1.[Cl-].[H+],CID100005523
tramazoline,c1cc2c(c(NC3=NCCN3)c1)CCCC2,CID100005524
trandolapril,CCOC(=O)[C@H](CCc1ccccc1)N[C@@H](C)C(=O)N1[C@H](C(=O)O)C[C@H]2CCCC[C@@H]21,CID100005525
tranylcypromine,N[C@@H]1C[C@H]1c1ccccc1.[Cl-].[H+],CID100005530
travoprost,CC(C)OC(=O)CCC/C=C\C[C@@H]1[C@@H](/C=C/[C@@H](O)COc2cccc(C(F)(F)F)c2)[C@H](O)C[C@@H]1O,CID100123597
trazodone,O=c1n(CCCN2CCN(c3cccc(Cl)c3)CC2)nc2ccccn12,CID100005533
treprostinil,CCCCC[C@@H](O)CC[C@H]1[C@@H]2Cc3cccc(OCC(=O)O)c3C[C@@H]2C[C@@H]1O,CID100054786
triamcinolone,C[C@]12C=CC(=O)C=C1CC[C@H]1[C@@H]3C[C@@H](O)[C@](O)(C(=O)CO)[C@@]3(C)C[C@H](O)[C@@]12F,CID100005544
triamterene,Nc1nc(N)c2nc(-c3ccccc3)c(N)nc2n1,CID100005546
triazolam,Cc1nnc2n1-c1ccc(Cl)cc1C(c1ccccc1Cl)=NC2,CID100005556
triclosan,Oc1cc(Cl)ccc1Oc1ccc(Cl)cc1Cl,CID100005564
trifluoperazine,CN1CCN(CCCN2c3ccccc3Sc3ccc(C(F)(F)F)cc32)CC1,CID100005566
trifluorothymidine,O=c1[nH]c(=O)n([C@H]2C[C@H](O)[C@@H](CO)O2)cc1C(F)(F)F,CID100006256
trihexyphenidyl,OC(CCN1CCCCC1)(c1ccccc1)C1CCCCC1,CID100005572
triiodothyronine,O=C(O)[C@](I)(Cc1ccc(Oc2ccc(O)cc2)cc1)N(I)I,CID100000861
trimethadione,CN1C(=O)OC(C)(C)C1=O,CID100005576
trimethoprim,COc1cc(Cc2cnc(N)nc2N)cc(OC)c1OC,CID100005578
trimethoprim-sulfamethoxazole,COc1cc(Cc2cnc(N)nc2N)cc(OC)c1OC.Cc1cc(NS(=O)(=O)c2ccc(N)cc2)no1,CID100358641
trimetrexate,COc1cc(NCc2ccc3nc(N)nc(N)c3c2C)cc(OC)c1OC,CID100005582
trimipramine,CC(CN(C)C)CN1c2ccccc2CCc2ccccc21,CID100005584
tris,NC(CO)(CO)CO,CID100006503
troglitazone,Cc1c(C)c2c(c(C)c1O)CCC(C)(COc1ccc(CC3SC(=O)NC3=O)cc1)O2,CID100005591
tropicamide,NC(=O)C(CO)c1ccccc1,CID100005593
tropisetron,CN1C2CCC1CC(OC(=O)c1c[nH]c3ccccc13)C2.[Cl-].[H+],CID100005595
trovafloxacin,NC1[C@H]2CN(c3nc4c(cc3F)c(=O)c(C(=O)O)cn4-c3ccc(F)cc3F)C[C@@H]12,CID100062959
unoprostone,CCCCCCCC(=O)CC[C@@H]1[C@@H](C/C=C/CCCC(=O)O)[C@@H](O)C[C@H]1O,CID100005636
valdecoxib,Cc1onc(-c2ccccc2)c1-c1ccc(S(N)(=O)=O)cc1,CID100119607
valganciclovir,CC(C)[C@H](N)C(=O)OCC(CO)OCn1cnc2c(=O)nc(N)[nH]c21,CID100064147
valproate,CCCC(CCC)C(=O)[O-],CID100003121
valrubicin,CCCCC(=O)OCC(=O)[C@]1(O)Cc2c(O)c3c(c(O)c2[C@@H](O[C@H]2C[C@H](NC(=O)C(F)(F)F)[C@H](O)[C@H](C)O2)C1)C(=O)c1c(OC)cccc1C3=O,CID100041744
valsartan,CCCCC(=O)N(Cc1ccc(-c2ccccc2-c2nn[nH]n2)cc1)[C@H](C(=O)O)C(C)C,CID100005650
vardenafil,CCCc1nc(C)c2c(=O)nc(-c3cc(S(=O)(=O)N4CCN(CC)CC4)ccc3OCC)[nH]n12,CID100110634
varenicline,c1cnc2cc3c(cc2n1)[C@@H]1CNC[C@H]3C1,CID100170361
vasopressin,NC(=O)CCC1NC(=O)C(Cc2ccccc2)NC(=O)C(Cc2ccc(O)cc2)NC(=O)C(N)CSSCC(C(=O)N2CCCC2C(=O)NC(CCCN=C(N)N)C(=O)NCC(N)=O)NC(=O)C(CC(N)=O)NC1=O.NCCCCC(NC(=O)C1CCCN1C(=O)C1CSSCC(N)C(=O)NC(Cc2ccc(O)cc2)C(=O)NC(Cc2ccccc2)C(=O)NC(CCC(N)=O)C(=O)NC(CC(N)=O)C(=O)N1)C(=O)NCC(N)=O,CID111979316
vecuronium,CC(=O)O[C@H]1C[C@@H]2CC[C@@H]3[C@H](CC[C@@]4(C)[C@H]3C[C@H]([N+]3(C)CCCCC3)[C@@H]4OC(C)=O)[C@@]2(C)C[C@@H]1N1CCCCC1.[Br-],CID100039764
venlafaxine,COc1ccc(C(CN(C)C)C2(O)CCCCC2)cc1,CID100005656
verapamil,COc1ccc(CCN(C)CCCC(C#N)(c2ccc(OC)c(OC)c2)C(C)C)cc1OC,CID100002520
verteporfin,C=Cc1c(C)c2cc3nc(cc4[nH]c(cc5nc(cc1[nH]2)C(C)=C5CCC(=O)O)c(CCC(=O)OC)c4C)[C@@]1(C)C3=CC=C(C(=O)OC)[C@H]1C(=O)OC.C=Cc1c(C)c2cc3nc(cc4[nH]c(cc5nc(cc1[nH]2)C(C)=C5CCC(=O)OC)c(CCC(=O)O)c4C)[C@@]1(C)C3=CC=C(C(=O)OC)[C@H]1C(=O)OC,CID105362420
vigabatrin,C=CC(N)CCC(=O)O,CID100005665
vildagliptin,N#C[C@@H]1CCCN1C(=O)CNC12CC3CC(CC(O)(C3)C1)C2,CID105251896
vinblastine,CC[C@]1(O)C[C@H]2CN(CCc3c([nH]c4ccccc34)[C@@](C(=O)OC)(c3cc4c(cc3OC)N(C)[C@H]3[C@@](O)(C(=O)OC)[C@H](OC(C)=O)[C@]5(CC)C=CCN6CC[C@]43[C@@H]65)C2)C1,CID100013342
vincristine,CC[C@]1(O)C[C@H]2CN(CCc3c([nH]c4ccccc34)[C@@](C(=O)OC)(c3cc4c(cc3OC)N(C=O)[C@H]3[C@@](O)(C(=O)OC)[C@H](OC(C)=O)[C@]5(CC)C=CCN6CC[C@]43[C@@H]65)C2)C1,CID100005978
vinflunine,CC[C@]12C=CCN3CC[C@@]4(c5cc([C@@]6(C(=O)OC)C[C@H]7C[C@H](C(C)(F)F)CN(Cc8c6[nH]c6ccccc86)C7)c(OC)cc5N(C)[C@H]4[C@@](O)(C(=O)OC)[C@@H]1OC(C)=O)[C@@H]32,CID100157688
vinorelbine,CCC1=CC2CN(C1)Cc1c([nH]c3ccccc13)[C@@](C(=O)OC)(c1cc3c(cc1OC)N(C)[C@H]1[C@@](O)(C(=O)OC)[C@H](OC(C)=O)[C@]4(CC)C=CCN5CC[C@]31[C@@H]54)C2.O=C(O)[C@H](O)[C@@H](O)C(=O)O.O=C(O)[C@H](O)[C@@H](O)C(=O)O,CID100005672
voriconazole,C[C@@H](c1ncncc1F)[C@](O)(Cn1cncn1)c1ccc(F)cc1F,CID100071616
vorinostat,O=C(CCCCCCC(=O)Nc1ccccc1)NO,CID100005311
warfarin,CC(=O)CC(c1ccccc1)c1c(O)oc2ccccc2c1=O,CID105001396
zafirlukast,COc1cc(C(=O)NS(=O)(=O)c2ccccc2C)ccc1Cc1cn(C)c2ccc(NC(=O)OC3CCCC3)cc12,CID100005717
zalcitabine,Nc1ccn([C@H]2CC[C@@H](CO)O2)c(=O)n1,CID100005718
zaleplon,CCN(C(C)=O)c1cccc(-c2ccnc3c(C#N)cnn23)c1,CID100005719
zanamivir,CC(=O)N[C@H]1[C@H]([C@H](O)[C@H](O)CO)OC(C(=O)O)=C[C@@H]1N=C(N)N,CID100005721
ziconotide,CSCCC1NC(=O)C(CC(C)C)NC(=O)C(CCCNC(=N)N)NC(=O)C(CO)NC(=O)C2CSSCC3NC(=O)C(CO)NC(=O)CNC(=O)C(C(C)O)NC(=O)C(CSSCC(N)C(=O)NC(CCCCN)C(=O)NCC(=O)NC(CCCCN)C(=O)NCC(=O)NC(C)C(=O)NC(CCCCN)C(=O)N2)NC(=O)C(CSSCC(C(N)=O)NC(=O)C(CCCCN)NC(=O)CNC(=O)C(CO)NC(=O)C(CCCNC(=N)N)NC3=O)NC(=O)C(CC(=O)O)NC(=O)C(Cc2ccc(O)cc2)NC1=O,CID116129690
zidovudine,Cc1cn([C@H]2C[C@H](N=[N+]=[N-])[C@@H](CO)O2)c(=O)[nH]c1=O,CID100005726
zinc,[Zn],CID100023994
ziprasidone,O=C1Cc2cc(CCN3CCN(c4nsc5ccccc45)CC3)c(Cl)cc2N1,CID100060853
zolmitriptan,CN(C)CCc1c[nH]c2ccc(C[C@@H]3COC(=O)N3)cc12,CID100005731
zolpidem,Cc1ccc(-c2nc3ccc(C)cn3c2CC(=O)N(C)C)cc1,CID100005732
zonisamide,NS(=O)(=O)Cc1noc2ccccc12,CID100005734
zopiclone,CN1CCN(C(=O)OC2c3nccnc3C(=O)N2c2ccc(Cl)cn2)CC1,CID100005735
zuclopenthixol,OCCN1CCN(CC/C=C2/c3ccccc3Sc3ccc(Cl)cc32)CC1,CID100012453
